Date,KDP-MCD,BDX-EVRG,DHI-ITW,BDX-CMS,BDX-SRE,BDX-LNT,BDX-SO,BDX-ETR,BKNG-MGM,CFG-MGM
2023-01-04,0.0,0.0,0.0,0.0,0.0,0.0,0.0,0.0,0.0,-0.0
2023-01-05,-0.0,-0.0,0.0,-0.0,-0.0,-0.0,-0.0,0.0,-0.0005,0.0
2023-01-06,-0.0,0.0,-0.0,0.0,0.0,0.0,0.0,0.0,0.007528160853199781,-0.0
2023-01-09,0.0,-0.0,-0.0,-0.0,-0.0,-0.0,-0.0,-0.0,-0.0084385701547943,-0.0
2023-01-10,-0.0,0.0,0.0,0.0,0.0,0.0,0.0,0.0,0.007397971772941747,-0.0
2023-01-11,0.0,0.0,0.0,0.0,-0.0,-0.0,0.0,0.0,-0.004615227211814654,0.0
2023-01-12,0.0,-0.0,-0.0,-0.0,-0.0,-0.0,-0.0,-0.0,-0.01053515854007932,0.0
2023-01-13,-0.0,0.0,-0.0,0.0,0.0,0.0,0.0,0.0,-0.013139471559079052,-0.0
2023-01-17,-0.0,0.0,0.0,0.0,-0.0,0.0,0.0,-0.0,-0.02009421908735569,-0.0
2023-01-18,0.0,0.0,0.0,0.0,-0.0,-0.0,-0.0,-0.0,0.008853859317646696,0.0
2023-01-19,-0.0,0.0,0.0,0.0,0.0,0.0,0.0,0.0,-0.00951396095311993,-0.0
2023-01-20,-0.0,-0.0,-0.0,-0.0,-0.0,-0.0,-0.0,-0.0,-0.002883886974839994,0.0
2023-01-23,-0.0005,-0.0,-0.0,-0.0,-0.0,-0.0,-0.0,-0.0,-0.015256162457925895,0.0
2023-01-24,0.007172561260516902,-0.0,0.0,-0.0,-0.0,-0.0,-0.0,-0.0,0.0035961952986733776,-0.0
2023-01-25,-0.01515900032776963,0.0,-0.0,0.0,0.0,0.0,0.0,0.0,0.0048361340026437105,0.0
2023-01-26,-0.008083401231837928,0.0,0.0,0.0,0.0,0.0,0.0,0.0,-0.010351482857459082,-0.0
2023-01-27,0.0028964573075886263,0.0,-0.0,0.0,0.0,0.0,0.0,0.0,-0.012620858678725937,0.0
2023-01-30,0.007223586053011767,-0.0,-0.0,-0.0,-0.0,-0.0,-0.0,-0.0,-0.0005065191795026649,0.0
2023-01-31,0.030916487301103794,0.0,0.0,0.0,0.0,0.0,0.0,0.0,0.016928972385407522,-0.0
2023-02-01,0.006570379907019319,0.0,-0.0,0.0,0.0,0.0,0.0,0.0,0.00018343362556658225,-0.0
2023-02-02,0.009111321293874177,-0.0,-0.0,-0.0,-0.0,-0.0,-0.0,-0.0,-0.00880628360241979,0.0
2023-02-03,-0.0,-0.0,-0.0,-0.0,-0.0,-0.0,-0.0,-0.0,0.0030241433291930664,-0.0
2023-02-06,-0.0,0.0,0.0,0.0,0.0,0.0,0.0,0.0,-0.01072005654846108,-0.0
2023-02-07,0.0,0.0,0.0,0.0,0.0,0.0,0.0,0.0,0.0004833996589816928,-0.0
2023-02-08,0.0,-0.0,-0.0,-0.0,-0.0,-0.0,-0.0,-0.0,0.019747310807473203,0.0
2023-02-09,0.0,-0.0,0.0,-0.0,-0.0,-0.0,-0.0,-0.0,0.021236801840789812,-0.0005
2023-02-10,0.0,0.0,0.0,0.0,0.0,0.0,0.0,0.0,0.03365032592305319,0.003793551299139367
2023-02-13,-0.0,-0.0,-0.0,-0.0,-0.0,-0.0,-0.0,-0.0,0.0,0.002766194409280596
2023-02-14,-0.0,-0.0,-0.0,-0.0,-0.0,-0.0,-0.0,-0.0,0.0,-0.0028990208804035617
2023-02-15,0.0,-0.0,-0.0,0.0,-0.0,-0.0,0.0,-0.0,0.0,0.0008823374804279434
2023-02-16,0.0,-0.0,-0.0,-0.0,-0.0,-0.0,-0.0,-0.0,-0.0,-0.014743693760259878
2023-02-17,-0.0,0.0,-0.0,0.0,0.0,0.0,0.0,0.0,-0.0,0.020367839941570414
2023-02-21,0.0,-0.0005,-0.0,-0.0005,-0.0,-0.0,-0.0,-0.0,-0.0,-0.018089163984701655
2023-02-22,0.0,0.005003465922186981,0.0,0.005515545347017365,0.0,0.0,0.0,0.0,-0.0,-0.008048705958947761
2023-02-23,0.0,-0.001764832887604328,0.0,6.281810905665527e-05,-0.0,-0.0,-0.0,-0.0,0.0,0.004388252640481547
2023-02-24,0.0,-0.006718320821197905,-0.0,-0.008454265249310903,-0.0005,-0.0005,-0.0005,-0.0,0.0,0.009390413493495339
2023-02-27,-0.0,-0.0015546400279588097,0.0,-0.0006525328796181079,-0.0035793164439854456,0.002561249794780369,-0.003707922002777144,-0.0,0.0,-0.007878028132193144
2023-02-28,-0.0,-0.0010621379467614274,0.0,-0.006144498463175727,-0.00042584088451120584,-0.008872234776178125,-0.0055283804854155275,-0.0,-0.0,-0.002954300475740133
2023-03-01,-0.0,-0.005270421490193034,-0.0,-0.003973914509418412,-0.00609114808935924,-0.004510268661777726,-0.007716488776743125,-0.0005,-0.0,-0.028884841463960437
2023-03-02,-0.0,0.0027519052485105,-0.0005,0.0018728091240999183,0.006075984892137485,0.00021700898969642494,0.0031383567436081596,0.0016460687239572202,0.0,-0.046761281038202554
2023-03-03,-0.0,0.009186979774748444,0.0027211676879168242,0.008917537615686125,0.009514948647069808,0.011196419570242783,0.010041187276545675,0.010333090787038677,0.0,0.004172005028451468
2023-03-06,0.0,-0.0022289763967613713,-0.012937476554569404,-0.00443000589335981,-0.004555985892942137,-0.0036213982148208214,-0.005606603570759207,-0.006126654791066835,0.0,0.005827068193985629
2023-03-07,0.0,0.005079285232926508,0.010939141447154056,0.004536066112510937,0.005046404789414766,0.004994052671825936,0.0025914700410432307,0.00665081277421463,-0.0,-0.04395305622753816
2023-03-08,0.0,-0.010593039251228044,0.02424984995803934,-0.008118932515357741,-0.004453069136533799,-0.007044759035473449,-0.005144820989884726,-0.005548068683340834,-0.0,-0.02234320698201877
2023-03-09,0.0,-0.008829544577141909,0.026668536254378396,-0.005701029623310939,-0.006972543396200312,-0.007239819424350078,-0.00836385406498435,-0.006598548436299629,-0.0,-0.026626597931093877
2023-03-10,-0.0,-0.002894314321238326,0.0,-0.005401828869106377,-0.0038277564722778564,-0.004893783675410664,-0.008879278673443423,-0.004943416415475486,-0.0,-0.027939041969153006
2023-03-13,-0.0,-0.0014439987095964564,0.0,-0.00034650823359522794,0.007572996691455646,4.848137302483971e-05,0.0032761088328851625,0.003994037343568764,-0.0,-0.09862672562726607
2023-03-14,-0.0,0.0013045082386279848,-0.0,0.0034811802100380026,0.0006321798281795016,0.0032662463949233132,0.0031058507030979348,0.0016093258489016538,0.0,0.028654266923499143
2023-03-15,0.0,0.0029810852628277063,0.0,-0.0009728312679382787,0.007787640654084484,0.0011620614620227124,0.0021037163544573214,0.003169113462613502,-0.0,0.012656742082693958
2023-03-16,-0.0,0.013381875809873135,0.0,0.013606642638131865,0.010251656237814943,0.01281307817604896,0.013419076075505862,0.012819446294361473,0.0,0.016014842867356452
2023-03-17,0.0,-0.006029700448142905,-0.0,-0.007326522427897125,-0.003513033886642542,-0.008508600485334122,-0.00952798976067172,-0.006794847532080978,0.0,-0.04097466522546907
2023-03-20,-0.0,0.011193167659260312,-0.0,0.009532405927957142,0.007414932007033342,0.009129299588151325,0.01023854015617897,0.00841692488302634,0.0,0.01162428911031598
2023-03-21,0.0,0.013855341539432879,-0.0,0.016644690092837554,0.0,0.016292011608444543,0.011831099687695606,0.014418197028984416,0.0,0.0285457701655145
2023-03-22,-0.0,0.0,0.0,0.0,0.0,0.0,-0.004208496784640792,0.0,0.0,-0.04355467663866501
2023-03-23,-0.0005,-0.0,0.0,-0.0,-0.0,-0.0,-0.009498208258701301,-0.0,-0.0,-0.02816122239228224
2023-03-24,0.014763784788501632,0.0,0.0,0.0,0.0,0.0,0.010143412797076767,0.0,-0.0,0.042034354559573744
2023-03-27,-0.004018128722492643,0.0,-0.0,0.0,0.0,0.0,0.007555862563896993,0.0,-0.0,-0.03220835681030916
2023-03-28,-0.007273375549317581,-0.0,-0.0,-0.0,-0.0,-0.0,-0.0,-0.0,0.0,0.0066241780403881526
2023-03-29,-0.0023520098400884393,0.0,-0.0,0.0,0.0,0.0,0.0,0.0,-0.0,-0.01119839280325147
2023-03-30,-0.000310933053112226,0.0,-0.0,0.0,0.0,0.0,0.0,0.0,0.0,-0.01629799160629535
2023-03-31,-0.0032514357128870493,0.0,0.0,0.0,0.0,0.0,0.0,0.0,0.0,-0.03311996032401439
2023-04-03,-0.0072481658833346615,0.0,-0.0,-0.0,0.0,0.0,-0.0,-0.0,0.0,-0.002521193725335824
2023-04-04,-0.0014189382608518486,0.0,0.0,0.0,0.0,0.0,0.0,0.0,-0.0,-0.03068191741692787
2023-04-05,0.002190684239238841,-0.0,0.0,0.0,0.0,0.0,0.0,0.0,-0.0,-0.0033147422106696856
2023-04-06,0.003213264833846877,0.0,-0.0,0.0,0.0,0.0,0.0,0.0,-0.0,0.019344625132733283
2023-04-10,-0.015183641290451218,-0.0,-0.0,-0.0,-0.0,-0.0,-0.0,-0.0,-0.0,0.0037958193974097945
2023-04-11,-0.0022663497487059527,-0.0,0.0,-0.0,-0.0,-0.0,-0.0,-0.0,-0.0,0.0007338989582129653
2023-04-12,-0.004446224885955235,0.0,-0.0,0.0,0.0,0.0,0.0,0.0,-0.0,0.006077798686607859
2023-04-13,-0.014249160476540122,0.0,-0.0,0.0,0.0,0.0,0.0,0.0,0.0,-0.005780056379503755
2023-04-14,-0.003622772955129687,0.0,0.0,0.0,0.0,-0.0,-0.0,0.0,0.0,-0.01442023591631997
2023-04-17,0.006915466730248815,-0.0,0.0,0.0,-0.0,0.0,0.0,-0.0,-0.0005,0.03498164339035521
2023-04-18,-0.006343958278735543,-0.0,0.0,-0.0,-0.0,-0.0,-0.0,-0.0,-0.0010542970821021931,-0.008993904297508425
2023-04-19,-0.002553872856489581,-0.0005,0.0,-0.0005,0.0,0.0,0.0,-0.0005,0.008056190310753233,0.001065395395385272
2023-04-20,0.006145865720308683,-0.010164973904132742,-0.0005,-0.013002095356188743,-0.0005,-0.0005,-0.0005,-0.01369117090463677,0.005442059989725589,-0.04764100661954626
2023-04-21,-0.010393811798867529,0.0043173235948216985,0.012918914386384938,0.004026250941830567,0.0024136582440547135,0.004020747333731594,0.004398055419556877,0.002726166904459236,-0.007349203170439689,-0.014034354026274603
2023-04-24,-0.0030664078077509167,-0.002672089932304532,-0.008382764333218015,3.065966944220148e-05,-0.0011319380169399137,-0.0018095825697977204,-0.0016769102528353041,-0.002125154155487423,0.0016496226510232066,-0.004629273407070086
2023-04-25,0.021526874466234025,0.007726409197935187,-0.014233228889911007,0.005990463542704068,0.00441083250038546,0.005245052368834684,0.0038218850641881428,0.00352152310011733,0.0007589290634392107,0.033355895161428464
2023-04-26,-0.003999712924648489,-0.0007160504101264096,-0.003735899319046075,0.004817758846437982,0.002437977864167974,0.00389469427000335,0.005259902398210204,-0.00011324593556798039,0.00788476821998651,0.030106978155284955
2023-04-27,-0.07631741638484466,-0.015291190596045414,0.037668717585225574,-0.014498396232121638,-0.015022183499414754,-0.013909573589821214,-0.015665224689426403,-0.012919496338832333,-0.0062483346418947625,0.012211480711595044
2023-04-28,-0.02937696360394197,-0.006404495231850619,-0.004926592270981375,-0.005011534802451928,-0.004962112956316405,-0.003621580390207623,-0.0037121911226750894,-0.0028189873016693473,-0.0032977706247374287,-8.886444955704884e-05
2023-05-01,-0.011079223879044541,-0.0016049001239729745,0.036803768061687184,-0.006891047376325075,-0.001983490223238218,-0.0030390520313323373,-0.002248865486636203,-0.004242508664585165,0.008387541446177458,-0.09084037740603354
2023-05-02,-0.0028139496809625186,-0.0005712548987384476,-0.07565134744958738,0.0050340550281824025,-0.0004142342442066283,0.0018876274498067004,0.0030514547124890967,0.003299087556364958,-0.010039880823913595,-0.051570260547611636
2023-05-03,0.018704904725430144,0.002172705975732538,-0.023805228547420232,-0.0008211369150070199,-0.00043382355180682014,0.00010677151334964466,0.0012084035510862077,-0.0001676468029558932,0.005704638066827368,0.013030654446022076
2023-05-04,-0.008957446707662832,0.046303931578577075,-0.010724041646772466,0.04618200892412892,0.04489117180254993,0.04465038105037343,0.04538550799359462,0.04596510973835221,0.007374038008345804,-0.03633359551337282
2023-05-05,0.01692247361526239,-0.0022301000108365357,0.012246711106855823,-0.0012999094152686087,-0.002012693869714376,0.0,0.0,-0.0015424271694291147,0.015919568284659333,0.055827853644936164
2023-05-08,-0.011850412158660936,0.0047398993473168425,-0.014568701966357097,0.004107557610887618,0.008070733975794522,-0.0,-0.0,0.006913292556276934,0.0,-0.03164375167871368
2023-05-09,-0.004154549603474199,-0.0,-0.007019176169170931,-0.0,-0.0,-0.0,-0.0,-0.0,-0.0,0.012123625055872372
2023-05-10,-0.003326232936858145,-0.0,0.005326507279505585,0.0,0.0,0.0,0.0,0.0,0.0,-0.01573393683205474
2023-05-11,0.0020030842083610207,0.0,-0.009111615484386684,0.0,0.0,0.0,0.0,0.0,0.0,-0.01710664311208169
2023-05-12,0.002117404095104962,0.0,0.009248006022308347,0.0,0.0,0.0,0.0,0.0,-0.0,0.010499179637610349
2023-05-15,-0.008601509750330905,-0.0,-0.0061311828780340975,-0.0,-0.0,-0.0,-0.0,-0.0,-0.0,0.024650725979184822
2023-05-16,-0.008748032314327987,0.0,-0.039752885152802564,0.0,0.0,0.0,0.0,0.0,0.0,0.001291165016593418
2023-05-17,0.010828973341558459,0.0,0.01785578597525648,0.0,0.0,0.0,0.0,0.0,0.0,0.03160478993910186
2023-05-18,-0.01012389302145586,0.0,-0.012863962318936724,0.0,0.0,0.0,0.0,0.0,-0.0005,-0.015727267248090475
2023-05-19,-0.007109217115573663,0.0,0.023088805657343222,0.0,0.0,0.0,0.0,0.0,0.0012230260684625337,0.002592652318288863
2023-05-22,0.026898048398106795,-0.0,0.01462346587878767,-0.0,-0.0,-0.0,-0.0,-0.0,0.024046246216008794,0.04070597124825951
2023-05-23,0.015349485364119217,-0.0,-0.008174734309205275,-0.0,-0.0,-0.0,-0.0,-0.0,0.0001817198923109338,0.06643853907825287
2023-05-24,-0.001318817791934256,-0.0,-0.01251328433595607,-0.0,-0.0,-0.0,-0.0,-0.0,0.0009223021320253124,-0.0
2023-05-25,-0.010048557323306062,-0.0,-0.003988792246905816,-0.0,-0.0,-0.0,-0.0,-0.0,0.012242578500132018,-0.0
2023-05-26,-0.006540589475519826,-0.0,0.02233984906765771,-0.0,-0.0,-0.0,-0.0,-0.0,0.006823179795099654,-0.0
2023-05-30,-0.008626345458346774,-0.0,-0.017603009485128586,-0.0,-0.0,-0.0,-0.0,-0.0,0.01612450484272214,0.0
2023-05-31,0.0030967857708290875,0.0,-0.026780439384972536,0.0,0.0,0.0,0.0,0.0,-0.0,-0.0
2023-06-01,-0.009476450317872039,0.0,0.0070479587191929136,0.0,0.0,0.0,0.0,0.0,0.0,0.0
2023-06-02,-0.005270041409375507,0.0,0.016110997422431855,0.0,0.0,0.0,0.0,0.0,0.0,0.0
2023-06-05,0.0014258768280220723,0.0,-0.01841415310931797,0.0,0.0,0.0,0.0,0.0,0.0,-0.0
2023-06-06,0.008246860316581455,-0.0,-0.011504546359787048,-0.0,-0.0,-0.0,-0.0,-0.0,0.0,0.0
2023-06-07,0.018095294903947907,-0.0,0.05995050595000399,0.0,0.0,0.0,0.0,0.0,-0.0,0.0
2023-06-08,-0.01253563687446128,-0.0,0.009622957689911501,-0.0,-0.0,-0.0,-0.0,-0.0,0.0,-0.0
2023-06-09,-0.007246937746020731,0.0,-0.0033280915821186675,0.0,0.0,0.0,0.0,0.0,-0.0,-0.0
2023-06-12,-0.009676040793202955,-0.0,-0.0035140667117343222,-0.0,-0.0,-0.0,-0.0,-0.0,-0.0,-0.0
2023-06-13,0.009322843979291203,0.0,0.03204492865702136,0.0,0.0,0.0,0.0,0.0,-0.0,0.0
2023-06-14,0.008023954858671096,0.0,-0.0,0.0,0.0,0.0,0.0,0.0,0.0,-0.0
2023-06-15,-0.01651106427866137,0.0,0.0,0.0,0.0,0.0,0.0,0.0,0.0,0.0
2023-06-16,0.00854962371735946,0.0,0.0,0.0,0.0,0.0,0.0,0.0,-0.0,0.0
2023-06-20,-0.004900409208526058,-0.0,0.0,-0.0,-0.0,-0.0,-0.0,-0.0,-0.0,-0.0
2023-06-21,-0.011763504474503588,0.0,0.0,0.0,0.0,0.0,-0.0,0.0,0.0,-0.0
2023-06-22,0.010430207383350727,0.0,0.0,0.0,0.0,0.0,0.0,0.0,0.0,-0.0
2023-06-23,-0.010083141517440962,0.0,0.0,-0.0,-0.0,-0.0,-0.0,-0.0,-0.0,-0.0
2023-06-26,0.001332145217136032,-0.0,-0.0,-0.0,-0.0,-0.0,-0.0,-0.0,-0.0,-0.0
2023-06-27,-0.004591624310569474,0.0,-0.0,0.0,0.0,0.0,0.0,0.0,0.0,0.0
2023-06-28,-0.012999673551508375,0.0,0.0,0.0,0.0,0.0,0.0,-0.0005,-0.0,-0.0
2023-06-29,-0.008761753546615795,-0.0005,-0.0,0.0,0.0,0.0,0.0,-0.0058874990424258155,-0.0,-0.0
2023-06-30,0.001154941339312621,-0.0076390823121572715,0.0,-0.0005,-0.0005,-0.0005,0.0,-0.008703731460270675,0.0,-0.0
2023-07-03,0.020220287134776672,0.010426041259091225,-0.0,0.013394580510990965,0.00953352705689855,0.011190462949214604,-0.0,0.010082730346830701,0.0,0.0
2023-07-05,0.000849033218837527,0.012330039870441093,0.0,0.008356076080067217,0.008305058687430446,0.008878445091302626,-0.0,0.009006450505797316,-0.0,0.0
2023-07-06,0.02127049187486827,0.004548286796723964,-0.0,0.0045374083028098195,0.0014349989375392015,0.004068041478695222,-0.0,0.004468435286663531,-0.0,0.0
2023-07-07,-0.0,0.0016804528467266417,-0.0,0.003799324409093684,0.007397883565436744,0.003899536903600592,-0.0,0.003915138523570139,-0.0,0.0
2023-07-10,-0.0,-0.006810781272510954,0.0,-0.004830362632120153,-0.0018355101457586075,-0.00570379556235222,0.0,-0.005564596820578975,0.0,-0.0
2023-07-11,-0.0,-0.0009663143827495875,-0.0,-0.0023879881937201343,-0.0018182401739737846,-0.0019040799942519424,0.0,-0.003383257533719362,0.0,0.0
2023-07-12,-0.0,0.010418922494380096,0.0,0.008250186449080649,0.006150692011709615,0.007394268963347169,-0.0,0.004606501063189395,-0.0,0.0
2023-07-13,0.0,-0.0026939484087751884,0.0,-0.00492408889136651,-0.0033367028544896067,-0.002706099192557178,0.0,-0.0030795289296318682,-0.0,-0.0
2023-07-14,0.0,-6.07365351733692e-05,0.0,0.002762403655331963,-5.589852593694718e-05,0.0015252399211044389,-0.0,0.004500181825786721,0.0,-0.0
2023-07-17,-0.0,0.005620861048938301,-0.0,0.005328469825139598,0.006022028265551423,0.005593019701542981,-0.0,0.007547383937775198,-0.0005,0.0
2023-07-18,0.0,0.0,-0.0,0.0,-0.0008953765837782729,0.0,0.0,0.001960266408575515,0.0035365814422938426,0.0
2023-07-19,0.0,-0.0,-0.0,-0.0,0.008023018010161524,-0.0,-0.0,0.011199500474902067,0.01851572448962773,0.0
2023-07-20,0.0,0.0,-0.0,0.0,0.0,0.0,0.0,0.0,0.002060790213524326,0.0
2023-07-21,0.0,0.0,0.0,-0.0,0.0,0.0,-0.0,0.0,-0.0030456296482188703,-0.0
2023-07-24,-0.0,-0.0005,0.0,-0.0005,-0.0005,-0.0005,-0.0005,-0.0005,0.004945982113234563,0.0
2023-07-25,0.0,-0.012797943418215552,-0.0,-0.009951710932848848,-0.011547988971320351,-0.011807798419369266,-0.012858682119742067,-0.011885149199928472,-0.01074109685854567,-0.0
2023-07-26,0.0,0.0038015919025190825,-0.0,0.0035520193216450964,0.0028495722392821643,0.0023146807085762102,0.0032114153106971525,0.0016460434835500295,-0.0015297230084843575,0.0
2023-07-27,-0.0005,-0.01225548874650944,-0.0,-0.011742241660290396,-0.007849713921629331,-0.008639986280991198,-0.0034638712201853997,-0.004769971842323686,0.00010575340534020106,-0.0
2023-07-28,-0.009257439178696106,0.013700359245582522,-0.0,0.008688925183143688,0.011479387799337624,0.01060959653440315,0.010094685907359385,0.010654459160786715,-0.012262797363133224,-0.0
2023-07-31,-0.005901466444689819,0.004937683076107223,-0.0005,0.006335077167320851,0.0055306753286215055,0.005288197665098138,0.006053727085044627,0.004583149400156776,0.012800453546997718,0.0
2023-08-01,-0.011909294894828892,-0.002720267827881508,0.0738421092952435,-0.0029521681221881106,-0.00324983114823093,-0.0020579596133148336,-0.0028711354800077292,-0.003780930142925373,0.013137640359859658,-0.0
2023-08-02,-0.015367576654555664,0.009638266265839603,-0.0,0.007527480567436439,0.007551099371054703,0.008184625560236563,0.007359184942259342,0.008907116280393543,0.0037337371533911912,0.0
2023-08-03,0.021046948684570983,0.019064872834764084,-0.0,0.02016863691701044,0.020452498311348426,0.019419090204345187,0.020470326955653498,0.019204518345244066,-0.01469678222563893,-0.0005
2023-08-04,-0.00614705585321507,-0.014885166862692069,0.0,-0.011032723250787474,-0.010575442404897896,-0.010294383711696425,-0.010194051123381462,-0.009518853741289449,-0.08267935102393591,-0.006351920384226524
2023-08-07,0.010895251941526029,-0.013965941956719095,-0.0,-0.017240754816305878,-0.015274919874617114,-0.016060461852672625,-0.01566025072406463,-0.01736760650785636,-0.05059183842267791,0.004341543216250356
2023-08-08,0.004391373777870333,-0.018233062336254036,0.0,-0.01927504411165537,-0.019264638832173525,-0.020085768139581732,-0.018669140078831845,-0.020721856303904506,0.007879355337186535,0.021418838875796566
2023-08-09,-0.011042302427344256,-0.0013970730336650163,-0.0,-0.0030727484109099347,-0.0005445581730817298,-0.0018055805047418785,-0.0003503691205882394,-0.0028677685548507146,0.004468009726879282,0.00876777381730287
2023-08-10,0.004047905918037238,0.01479894860078198,0.0,0.014375631637368325,0.013770055601143095,0.016110976174278407,0.01607073918723637,0.016323183612883544,0.0007684524688331782,0.008526616765547368
2023-08-11,-0.007832108212528619,-0.01638335859596838,0.0,-0.01628951501994619,-0.015392629104324741,-0.016724622944979388,-0.017880983874306963,-0.017735804200789934,-0.0005371980991357396,-0.010705939767683886
2023-08-14,0.0025332721722086853,-0.005490335843725523,-0.0,-0.005329899743253977,-0.004958778731559478,-0.0053586377689230046,-0.0032760967045526376,-0.001147266933066198,-0.010259870765586388,0.03449290764296216
2023-08-15,0.006001671386623851,0.00434914432607033,-0.0005,0.004752240775436981,0.005468106821306912,0.006134957360820544,0.007345918544058596,0.005780503699162604,-0.0031049228442826485,0.017518072910394526
2023-08-16,-0.022918885902950235,0.012812524122327335,0.030527401666065924,0.014122543761173324,0.013096298117190385,0.011591588405885813,0.011499055319449149,0.013195902372882859,-0.002596673775920301,0.0
2023-08-17,-0.009025739820654,0.0027702455758535707,0.05031302095348454,0.0034566569495600953,0.0052553936336643455,0.00296654677757703,0.004821145881032512,0.0028748315375938505,0.015120913443186714,0.0
2023-08-18,-0.002863073140669724,0.008182816052480278,0.0,0.009557924713435646,0.006133767525402097,0.008772422461946601,0.007558529234872575,0.008243638491734236,0.017286100859341444,-0.0
2023-08-21,-0.003399883934837658,-0.009201733530719335,-0.0,-0.01012093740743739,-0.0053875228270370045,-0.008949278390226308,-0.007658930109372691,-0.008448506589184978,-0.00032846291533526013,-0.0
2023-08-22,0.006474911638739519,0.0021555162410706544,0.0,0.0012335714165706826,0.0004952450624942367,0.0003898314318972843,8.928641722917948e-05,-0.0012896092210078075,-0.0037444791779438448,-0.0
2023-08-23,0.0004229804071070936,-0.004248800754903323,-0.0,-0.0036929464382148493,-0.002690350155863174,-0.004145434571939487,-0.00556237634043686,-0.0027989664075386655,-0.0036603736185674522,-0.0
2023-08-24,0.008516794932811463,-0.0018802164569777149,0.0,-0.00046900943870335744,-0.004168468988199641,-0.0012388736088718647,-9.173023610370483e-05,-0.0017052164347094957,0.016903962475993854,0.0
2023-08-25,0.013546476855416528,-0.00634766067667179,-0.0,-0.008809267627718427,-0.007581964701035021,-0.007985351374090188,-0.008723823797394642,-0.010807730824649475,-0.0075575714361614315,-0.0
2023-08-28,-0.016184707857735334,-0.00662852540114074,-0.0,-0.007104098061703757,-0.0054847134216347015,-0.005990693487970669,-0.005359042073341789,-0.00411591205962095,0.0004235572329631312,0.0
2023-08-29,-0.006282488109535015,0.002702361282024179,-0.0,0.0008248982973757644,0.0009005572538265108,0.0011830941728050172,0.0016614167886493294,0.00785748501234493,-0.00906449189331633,0.0
2023-08-30,0.006476040344131826,-0.00697695951973485,-0.0,0.003191447801311251,0.0006143079701805445,0.004053268922174555,0.004321405503381475,0.0006575222427632889,-0.0020818594925904425,-0.0
2023-08-31,-0.0028461590527640857,-0.00021698427830684148,0.0,9.637432967040793e-05,0.0004081566770385704,-0.0006907280639375027,0.0002440655915699969,-0.0011136328643839549,0.007729016567580967,0.0
2023-09-01,0.002116644190532072,-0.006097593628646109,0.0,-0.0008601233776122973,0.0028775389436404165,0.0013802361809535546,0.00193181136698442,0.0009471414422358966,0.0002876553343865813,0.0
2023-09-05,0.007703449693931456,0.013987555636187744,-0.0,0.017174024672254554,0.016606910396679126,0.017016023046896006,0.017293839568981437,0.015401757928587525,-0.020158728990747977,0.0
2023-09-06,-0.019959984723692488,0.027313896655110036,0.0,0.023136914662293923,0.024371415938301232,0.024768421500034596,0.02247135643037875,0.026061898748182707,0.003471854468526863,-0.0
2023-09-07,0.008699309127183363,-0.002847737336128383,0.0,0.0,0.0,0.0,0.0,0.0,0.011428574679723559,-0.0
2023-09-08,0.0021723228786297813,0.0029695890367704572,0.0,-0.0,-0.0,-0.0,-0.0,-0.0,-0.009474120308166181,0.0
2023-09-11,-0.0028603005004377326,0.0,0.0,0.0,0.0,0.0,0.0,0.0,-0.022446805737780618,0.0
2023-09-12,0.01198455893637996,-0.0,-0.0,-0.0,-0.0,-0.0,-0.0,-0.0,-0.004010464160980536,0.0
2023-09-13,0.008251663555108493,-0.0,-0.0,0.0,0.0,0.0,0.0,0.0,0.013234883134763765,-0.0
2023-09-14,-0.004025672181764084,-0.0,0.0,-0.0,-0.0,-0.0,-0.0,-0.0,-0.024860001230737044,0.0
2023-09-15,-0.015635763471390257,-0.0,-0.0,-0.0,-0.0,-0.0,-0.0,-0.0,0.006774969706745907,-0.0
2023-09-18,-0.012566431615126727,0.0,0.0,0.0,0.0,0.0,0.0,0.0,-0.007439061203807936,-0.0
2023-09-19,0.008855010756687046,0.0,0.0,0.0,0.0,0.0,0.0,0.0,0.00321605456936902,0.0
2023-09-20,-0.014570503457960881,0.0,0.0,0.0,0.0,0.0,0.0,0.0,0.009631396579441589,0.0
2023-09-21,-0.011972387519503639,-0.0,-0.0,-0.0,-0.0,-0.0,-0.0,-0.0,-0.008260788006430153,0.0
2023-09-22,0.010553995918221159,0.0,-0.0,0.0,0.0,0.0,0.0,0.0,-0.014113226471981086,-0.0
2023-09-25,0.009156112432957098,0.0,-0.0,0.0,0.0,0.0,0.0,0.0,-0.007884028805784883,-0.0
2023-09-26,0.0010831778415947638,-0.0,0.0,-0.0,-0.0,-0.0,-0.0,-0.0,0.012011181432307878,-0.0
2023-09-27,-0.002311577899945221,-0.0,-0.0,-0.0,-0.0,-0.0,-0.0,-0.0,-0.011240466447600201,-0.0
2023-09-28,0.008317754379350534,0.0,0.0,0.0,0.0,0.0,0.0,0.0,-0.005472977804442623,0.0
2023-09-29,-0.012840294022275333,-0.0,-0.0,-0.0,-0.0,-0.0,-0.0,-0.0,0.008097267893896977,0.0
2023-10-02,-0.013648897978841803,0.0,-0.0,0.0,0.0,0.0,0.0,0.0,-0.00283906966248964,-0.0
2023-10-03,-0.010789649712060539,-0.0,-0.0005,-0.0,-0.0,0.0,-0.0,0.0,0.01500169143422016,0.0
2023-10-04,-0.013479312303668563,0.0,0.0038253845830263557,0.0,0.0,-0.0,0.0,0.0,-0.01830331291280978,0.0
2023-10-05,0.03193171852612495,0.0,-0.010511890343900616,0.0,0.0,0.0,0.0,0.0,0.004770579676919459,0.0
2023-10-06,-0.013789883675592054,0.0,-0.009434236506931235,-0.0,0.0,0.0,0.0,0.0,0.00946738544367167,-0.0
2023-10-09,0.018886360390553282,0.0,0.020872886255484946,0.0,0.0,0.0,0.0,0.0,0.02095629825924639,-0.0
2023-10-10,-0.01098375755385335,0.0,0.007001864006253149,0.0,0.0,0.0,0.0,0.0,-0.014373808585466698,0.0
2023-10-11,0.03032407553668821,-0.0,0.0031763442234686093,-0.0,-0.0,-0.0,-0.0,-0.0,0.003021450204293172,-0.0
2023-10-12,-0.0,-0.0,-0.04141658336918927,-0.0,-0.0,-0.0,-0.0,-0.0,-0.0018363775489027411,0.0
2023-10-13,-0.0,0.0,0.02720099302764054,0.0,0.0,0.0,0.0,0.0,0.024405261932190885,-0.0
2023-10-16,0.0,0.0,-0.005444781486700601,0.0,-0.0,0.0,0.0,-0.0,-0.0,0.0
2023-10-17,0.0,0.0,-0.006974642020815302,-0.0,-0.0,-0.0,-0.0,-0.0,0.0,0.0
2023-10-18,-0.0,0.0,0.04085425489403435,0.0,0.0,0.0,0.0,0.0,-0.0,-0.0
2023-10-19,-0.0005,-0.0,-0.008361480166676438,-0.0,-0.0,-0.0,-0.0,-0.0,-0.0,-0.0
2023-10-20,0.008207807137650312,0.0,0.00328258314880143,0.0,0.0,0.0,0.0,0.0,-0.0,-0.0
2023-10-23,0.003840740805454157,-0.0,0.021419631997176534,-0.0,-0.0,-0.0,-0.0,-0.0,0.0,-0.0
2023-10-24,0.015837391322702045,0.0,-0.0,0.0,0.0,0.0,0.0,0.0,0.0,-0.0
2023-10-25,-0.0037367953951531053,-0.0,-0.0,-0.0,-0.0,-0.0,-0.0,-0.0,0.0,0.0
2023-10-26,0.02334069333828294,-0.0,0.0,-0.0005,-0.0,-0.0,-0.0,-0.0,-0.0,0.0
2023-10-27,0.0,-0.0,0.0,-0.005089283074955141,-0.0,-0.0,-0.0,-0.0,0.0,-0.0
2023-10-30,-0.0,-0.0,0.0,-0.001007456484741428,-0.0,-0.0,-0.0,-0.0005,0.0,0.0
2023-10-31,0.0,0.0,0.0,0.005290153628461328,0.0,0.0,0.0,0.0043730636003097186,-0.0,0.0
2023-11-01,0.0,-0.0,0.0,0.0017494040027882102,0.0,-0.0,0.0,-0.0020800631779008833,-0.0,-0.0
2023-11-02,-0.0,-0.0,-0.0,0.0012924223306387825,0.0,0.0,0.0,0.005885585849836264,0.0,0.0
2023-11-03,0.0,0.0,0.0,0.010344181275214893,0.0,0.0,0.0,0.012909879943388727,-0.0,0.0
2023-11-06,-0.0,0.0,0.0,0.004451762087795154,0.0,0.0,0.0,0.0010373903233157962,0.0,-0.0
2023-11-07,0.0,-0.0,-0.0005,-0.01266609888373037,-0.0,-0.0,-0.0,-0.010443984260404982,0.0,-0.0
2023-11-08,0.0,0.0,-0.011062021385863409,-0.0015199618169356396,0.0,0.0,-0.0,0.0010681006720463118,-0.0,-0.0
2023-11-09,-0.0,-0.0005,0.005951840344386882,-0.0934088051380695,-0.0005,-0.0005,-0.0005,-0.096618388537273,0.0,-0.0
2023-11-10,-0.0,0.009704597300308286,0.009551882885842591,0.005531006369437978,0.007084219201351341,0.010558770410064602,0.010135404397280603,0.010940469703735306,0.0,-0.0
2023-11-13,0.0,0.0158113346780439,0.0006307431737439407,0.006751316931126031,0.00648557004015427,0.010837530964816858,0.007544486079383082,0.006281203054230461,0.0,0.0
2023-11-14,0.0,-0.02548794792074971,-0.024537667118220998,-0.021341608819122063,-0.021392162062397052,-0.01964793651037365,-0.016602276428309706,-0.01990631896689705,-0.0,0.0
2023-11-15,0.0,-0.0007186543990435391,0.01473685588872345,0.002713013422782973,0.00432303950830311,0.0006396367622026648,0.0031632366317521686,0.001881349360474946,-0.0,0.0
2023-11-16,-0.0,0.005132281651108722,0.011623883528466833,0.003334152026283438,0.004730725189860439,0.004664432897572865,0.0009717812102988345,0.004131200337262272,0.0,-0.0
2023-11-17,-0.0,-0.008142177290720276,0.0023139430563233216,-0.007151663308557595,-0.007972057376757456,-0.00624205594087933,-0.008300988518297367,-0.008398790671677318,0.0,0.0
2023-11-20,-0.0,0.001106901639134219,-0.0068869338593817685,0.0031091467399619746,0.001021589747737236,0.002409325064097481,0.002727552677943136,0.0021237755721736583,0.0,-0.0
2023-11-21,-0.0,0.007749318003540472,0.026678065412818155,0.012272492492871632,0.008817336108196912,0.01071605105499832,0.009953858066315465,0.006145264769792308,0.0,-0.0
2023-11-22,0.0,-0.002060429779785871,-0.009078610670026098,0.001410679715357604,0.0016983437235542555,0.00010372266550080474,0.0028907553447128156,0.001121493847106143,-0.0,-0.0
2023-11-24,0.0,0.010898463306839787,0.003585720082727461,0.005998343437544285,0.00658153183255551,0.007580622841087356,0.008725709891099422,0.009028357905454521,-0.0,0.0
2023-11-27,0.0,-0.0014087811540496361,0.009224719014803604,0.0012656144043467319,-0.00032521620715871555,-0.001327065228780674,-0.0021141193596707305,-0.0015426473801780295,0.0,-0.0
2023-11-28,-0.0,-0.010684488857085256,-0.00098224798718701,-0.007225998624241596,-0.005837110333486783,-0.007548661373119649,-0.007335827612841216,-0.00669003170037889,0.0,0.0
2023-11-29,-0.0,-0.002072486456644591,-0.012900054377479698,-0.00300780499409117,-0.004432753509915566,-0.005697358159223448,-0.005933042146533974,-0.0038825523982918045,-0.0,0.0
2023-11-30,-0.0005,-0.0009304128693355192,0.005415197783026274,0.0020226062314073817,0.0023996619725078195,-0.0014989894048611702,-0.0001959013787427087,-0.00012358415272707354,-0.0,0.0
2023-12-01,0.002133387243677856,0.0033722621887286334,-0.0058977205001884865,-3.1633656583611794e-05,0.007396369225207438,0.0035838227037390093,0.007104816843601045,0.0070743044813433836,-0.0,0.0
2023-12-04,0.0011795674709378936,0.006939830576321592,0.01711660353402268,-0.0024892925342470933,-0.0012856232852718934,-0.0023590352516082175,-0.0021389449867671006,-0.0011526450951714383,-0.0,0.0
2023-12-05,-0.007871733357343426,-0.022566869142781224,-0.019946815813209253,-0.011535148746135607,-0.01156761968250372,-0.01601839186115408,-0.01579884341838587,-0.014246632378869483,0.0,-0.0005
2023-12-06,0.0036988541419663663,-0.006126018886678402,-0.007836604543339357,-0.0033123922344097164,-0.009310728464535234,-0.005334375393040653,-0.004617053989479712,-0.003675258625705184,-0.0,0.015308159482923925
2023-12-07,0.005548399862380992,0.006307170213061424,-0.016071734718509718,0.0038790743195127046,0.0045037705377776495,0.006000430597348212,0.006277101668481799,0.003557547309587727,0.0,-0.00484974829059639
2023-12-08,-0.002690918665987187,-0.004287376794372902,-0.0030324714842364237,-0.006436120499676733,-0.0026520770926442222,-0.0028915144824152687,-0.0048753897132918205,-0.005642751728858052,-0.0,0.016656887405319537
2023-12-11,0.005548735521984562,0.0030535626826840856,0.0016013247011785765,0.005051205927518241,-0.0015954299761641345,0.003960082989326514,0.005100189770528179,0.00441528468615039,0.0,0.04042917899415836
2023-12-12,-0.011746621412579405,0.017143448244801126,0.0016639107312694471,0.01453910396150004,0.01431475460771584,0.014621480562809024,0.016641317641284098,0.015339957107700149,0.0,-0.0
2023-12-13,-0.0003688528610977168,0.001467889050556892,-0.025748050903833655,0.005807389839539257,0.005590487968518526,0.005091911308414895,0.008147841715380176,0.005950203939181043,0.0,0.0
2023-12-14,-0.008271863234502224,-0.00847072767573982,-0.020686558845339445,-0.003269523622760861,-0.008145706054999808,-0.001753544073702257,-0.0035078997109782234,-0.0026510446273827924,-0.0,-0.0005
2023-12-15,0.0034805258948328102,0.005398745236980083,0.014315697891922753,-0.0011554243176094157,-0.0014194238357522204,0.002403223355823327,-0.004385199951103931,3.707744821023189e-05,-0.0005,-0.026588890015894484
2023-12-18,0.0015683010527406099,0.005212795695585479,0.0061283002339211565,0.0023554702347853658,0.004639141174278236,0.0016419734133342164,0.0013070259181856814,0.0012505042278308034,0.006664481598812375,0.02623116522248179
2023-12-19,0.002331768175976934,0.009239801034706337,-0.005532735162159417,0.012443181428019022,0.011339615872444666,0.010002336751766299,0.012605303502418846,0.012072112319688483,0.000982585979099596,0.009213859816727732
2023-12-20,-0.0011169484765325196,0.002612942842056591,-0.00546704709339201,0.0016901608601121504,0.004061154577575214,0.0022345641825103797,0.0014360709881847374,0.001842923331731988,-0.001076701117587623,0.007613255428694336
2023-12-21,-0.002106448212928663,0.013057816740593468,0.015927772255695877,0.014232325349189634,0.013207554705560731,0.011396888740932755,0.014192208146346514,0.01293569024535411,-0.005022410114768181,0.002096958110618715
2023-12-22,0.008264505483389499,-0.0,0.01081028850818159,-0.0,-0.0,-0.0,-0.0,-0.0,-0.005600014517439198,-0.006543796923487329
2023-12-26,0.002113386382294088,-0.0,0.005339614068025416,-0.0,-0.0,0.0,0.0,0.0,-0.0061196995682814585,-0.009044314809073944
2023-12-27,-0.004805290506035082,-0.0,-0.007220431470455149,-0.0,-0.0,-0.0,-0.0,-0.0,0.01021532952996376,-0.0009315326857645672
2023-12-28,0.002195495090298205,-0.0,-0.0037631207591298146,-0.0,0.0,-0.0,-0.0,0.0,-0.0020795148223891023,0.006750791797013014
2023-12-29,-0.003502333544899154,0.0,0.0003460968765481841,0.0,0.0,0.0,0.0,0.0,-0.002488327313575825,0.006241194616429959
2024-01-02,-0.0005548367082638204,-0.0,0.006107840182045869,0.0,0.0,0.0,0.0,0.0,0.026296153369683065,0.003208264186506115
2024-01-03,-0.01334345035995406,-0.0,-0.00037373284970684817,-0.0,-0.0,-0.0,-0.0,-0.0,0.009378424313448088,0.0196327556124171
2024-01-04,0.010247377295085043,0.0,0.008062077054923074,0.0,0.0,0.0,0.0,0.0,-0.0021933117617994042,-0.003764522038334446
2024-01-05,-0.001539338148027966,-0.0,-0.014637342646064266,-0.0,-0.0,-0.0,-0.0,-0.0,0.007899750908457192,-0.02329005298101651
2024-01-08,-0.01654252373141571,0.0,-0.02860112473373616,0.0,0.0,0.0,0.0,0.0,-0.006096339147771794,0.012328425671532108
2024-01-09,0.009395935236721614,-0.0,-0.00134376077084215,-0.0,-0.0,-0.0,-0.0,-0.0,-0.019448777970608965,-0.015096328037895564
2024-01-10,-0.019252276055845133,0.0,-0.03240855071529321,0.0,0.0,0.0,0.0,0.0,-0.019601724509395138,-0.021704215789637257
2024-01-11,0.005414789214856442,-0.0,-0.0030320471731257958,-0.0,-0.0,-0.0,-0.0,-0.0,-0.00956222802240177,0.02155348451111048
2024-01-12,0.001409775935466135,0.0,0.004839008320084166,0.0,0.0,0.0,0.0,0.0,0.0041318749071395915,0.010641656157890672
2024-01-16,0.006856759848090097,0.0,0.006477124642273151,-0.0,-0.0,-0.0,-0.0,-0.0,-0.0013462122398002975,0.012098547151383122
2024-01-17,-0.00310838558415193,0.0,-0.014110192017103673,0.0,0.0,0.0,-0.0,0.0,-0.002350938958726098,-0.029147687790509098
2024-01-18,-0.01068498593914745,0.0,0.011633555916525882,0.0,0.0,0.0,0.0,0.0,0.0009311905179770607,0.02758682892137048
2024-01-19,-0.02103591378206185,0.0,-0.0017695782375628036,0.0,0.0,0.0,0.0,0.0,-0.023202554813629258,-0.0282186332173309
2024-01-22,-0.004161662137063616,0.0,-0.002500807218894615,-0.0,0.0,0.0,0.0,0.0,0.026782569729627077,-0.025934549991327757
2024-01-23,0.0012855036637934242,0.0,0.11520084222927139,0.0,0.0,0.0,0.0,0.0,0.0091269042720117,0.011948330528763583
2024-01-24,-0.020578763351334736,-0.0,-0.0,-0.0,-0.0,-0.0,-0.0,-0.0,-0.0035800972949996757,-0.021542355924134306
2024-01-25,0.02678153583556443,0.0,-0.0,0.0,0.0,0.0,0.0,0.0,0.005397686094800548,0.01655254312201316
2024-01-26,0.03158971360966833,0.0,-0.0,0.0,-0.0,-0.0,0.0,-0.0,-0.004372202409856117,0.000852014746779009
2024-01-29,0.0007408152205187152,-0.0,-0.0,0.0,0.0,0.0,0.0,0.0,-0.007805740904888227,-0.016063608998767423
2024-01-30,-0.015753910243212335,-0.0,0.0,-0.0,-0.0,-0.0,-0.0,-0.0,-0.0021495489667533803,-0.01729492240211796
2024-01-31,-0.0038254867128210196,0.0,0.0,0.0,0.0,0.0,0.0,0.0,0.010751393781564774,0.04268723923765048
2024-02-01,-0.003843487029006599,0.0,0.0,0.0,0.0,0.0,0.0,0.0,-0.0018700383356192642,0.07163710576953934
2024-02-02,-0.0063910251901400355,-0.0,-0.0,-0.0,-0.0,-0.0,-0.0,-0.0,0.0007408180058538986,0.0
2024-02-05,0.024266192830718597,-0.0,0.0,-0.0,-0.0,-0.0,-0.0,-0.0,-0.02112049191194756,-0.0
2024-02-06,0.007074976720767704,0.0,-0.0,0.0,0.0,0.0,0.0,0.0,-0.0038198238939473276,-0.0
2024-02-07,-0.0,0.0,0.0,0.0,0.0,0.0,0.0,0.0,-0.01712390136954248,-0.0
2024-02-08,-0.0,-0.0005,-0.0,0.0,0.0,0.0,0.0,0.0,-0.01929996769403939,-0.0
2024-02-09,-0.0,-0.008951101113324927,-0.0,-0.0005,-0.0005,-0.0005,-0.0005,-0.0005,0.024341876154442884,-0.0
2024-02-12,0.0,0.006896219054414644,0.0,0.006293528764908289,0.005838082654519863,0.0046969576269359475,0.005990597227411382,0.004586951681697461,-0.006026840098987685,0.0
2024-02-13,-0.0,0.01334617558258837,-0.0,0.013422001886272654,0.012193680637328497,0.012539343961270585,0.015306099653639573,0.015628604393504542,-0.000806408208689437,-0.0
2024-02-14,0.0,0.0019261683850206879,0.0,0.0029558382691188124,0.002392654279910202,0.002285645599044381,0.0028747555126947084,0.0009568100974036409,-0.024214673177160088,0.0
2024-02-15,-0.0,0.0001416824662745491,-0.0,0.0,-0.0012676653935232473,-0.0010675897182913646,-0.008756408445809877,0.0,-0.0004152430106258119,0.0
2024-02-16,-0.0,-0.002640268544416348,-0.0,0.0,-0.0033702686747752175,-0.0036232654890900355,-0.0021990554670369847,0.0,0.0036599935740150077,0.0
2024-02-20,0.0,0.0015596491946677947,0.0,0.0,0.0011243753066513874,-0.00017519733987883426,0.0022100026471616988,-0.0,0.002558345768510466,-0.0
2024-02-21,0.0,-0.015916860055432008,-0.0,0.0,-0.01381230693819038,-0.014255156885410207,-0.01698740361997596,0.0,-0.011407707295907064,-0.0
2024-02-22,-0.0005,0.0043012279905507815,0.0,-0.0,0.004324274540968991,0.004268290077764583,0.005527480913730752,-0.0,-0.04083219485815172,-0.0
2024-02-23,-0.01303641526367073,-0.008184327683837046,-0.0,0.0,-0.007864203085460174,-0.010124274730783735,-0.009234743361337174,0.0,0.10797867883377392,-0.0
2024-02-26,-0.02068371258742223,0.009958543536066695,0.0,-0.0,0.013996942212105037,0.01082719804100713,0.013763701059985207,-0.0,0.0,-0.0
2024-02-27,0.013082276499712919,0.0075866393852002095,-0.0,-0.0,0.0026096529284003406,0.004323494878335183,0.0026648057466229654,-0.0,-0.0,0.0
2024-02-28,0.012220759213073463,0.005567062194072731,-0.0,-0.0,0.007081692141462946,0.007146471527096484,0.009325306191303194,-0.0,0.0,-0.0
2024-02-29,0.0008654629532277511,0.01274357754172404,0.0,-0.0,0.014375799841176855,0.0158047750053119,-0.0,-0.0,-0.0,0.0
2024-03-01,-0.015171352859784713,0.0,0.0,-0.0,0.0,-0.0,0.0,0.0,0.0,0.0
2024-03-04,-0.006997007457485045,-0.0,0.0,-0.0,-0.0,-0.0,-0.0,-0.0,-0.0,0.0
2024-03-05,-0.006652558649208971,-0.0,-0.0,-0.0005,-0.0,-0.0,-0.0,-0.0,-0.0,-0.0005
2024-03-06,0.002242021648379839,0.0,-0.0,0.004025799941163425,0.0,0.0,0.0,0.0,-0.0,0.001958861344428411
2024-03-07,-0.0010839209322743805,0.0,0.0,0.013701499754986163,0.0,0.0,0.0,0.0,0.0,0.006924993355660172
2024-03-08,0.0005200288247628835,0.0,-0.0,0.008629757174561329,0.0,0.0,0.0,0.0,0.0,-0.020919908629908168
2024-03-11,-0.0034158252680503796,-0.0,-0.0,-0.0027386109542657114,-0.0,-0.0,-0.0,-0.0,0.0,0.005555124535610613
2024-03-12,0.0016504277324948667,-0.0,0.0,-0.0016534336252869214,-0.0,-0.0,-0.0,-0.0,-0.0,0.009466150337146952
2024-03-13,0.03224170661524028,0.0,0.0,0.006837360588999681,0.0,0.0,0.0,0.0,-0.0,-0.007066906484452739
2024-03-14,0.00805893054396387,-0.0,-0.0,-0.0,-0.0,-0.0,-0.0,-0.0,0.0,0.03210588115587304
2024-03-15,0.00647740719885607,-0.0,-0.0,0.0,-0.0,-0.0,-0.0,-0.0,-0.0,-0.00783129664037192
2024-03-18,0.023390073357760555,0.0,0.0,0.0,0.0,0.0,0.0,0.0,-0.0,0.017331910618531503
2024-03-19,-0.0,0.0,0.0,0.0,0.0,0.0,0.0,0.0,0.0,0.010633993995236726
2024-03-20,0.0,-0.0,0.0,-0.0,-0.0,-0.0,-0.0,-0.0,0.0,0.0
2024-03-21,-0.0,0.0,0.0,0.0,0.0,0.0,0.0,0.0,0.0,0.0
2024-03-22,0.0,0.0,0.0,0.0,-0.0005,-0.0005,0.0,0.0,-0.0,-0.0
2024-03-25,0.0,-0.0,0.0,-0.0,0.018183021374180666,0.018539566890283295,-0.0,-0.0,-0.0,0.0
2024-03-26,0.0,0.0,-0.0,0.0,-0.0025216965834331745,-0.0030470179249059565,0.0,0.0,-0.0,-0.0
2024-03-27,-0.0,0.0,-0.0,0.0,-0.010619454179824968,-0.010254213714324372,0.0,0.0,0.0,0.0
2024-03-28,0.0,0.0,0.0,0.0,-0.0013385381858761797,-0.00013694504950140587,0.0,0.0,-0.0,0.0
2024-04-01,0.0,-0.0,0.0,-0.0,0.011902967656503182,0.009731150097291256,-0.0,-0.0,-0.0,-0.0
2024-04-02,0.0,-0.0,-0.0,-0.0,0.01380250522610348,0.013653333488352315,-0.0,-0.0,0.0,0.0
2024-04-03,0.0,0.0,0.0,0.0,0.0,0.0,0.0,0.0,0.0,-0.0
2024-04-04,-0.0005,-0.0,0.0,-0.0,-0.0,-0.0,0.0,-0.0,-0.0,-0.0
2024-04-05,-0.017501708378815165,0.0,0.0,0.0,0.0,0.0,0.0,0.0,0.0,-0.0
2024-04-08,0.0027719009571493605,-0.0,-0.0,-0.0,-0.0,-0.0,-0.0,-0.0,0.0,0.0
2024-04-09,0.0012594793426802427,0.0,0.0,0.0,0.0,0.0,0.0,0.0,-0.0,-0.0
2024-04-10,0.008384873230253772,-0.0,-0.0,-0.0,-0.0,-0.0,-0.0,-0.0,0.0,-0.0
2024-04-11,-0.005745015851733088,0.0,0.0,-0.0,0.0,-0.0,-0.0,0.0,0.0,-0.0
2024-04-12,0.01438026991960619,-0.0,0.0,-0.0,-0.0,-0.0,-0.0,-0.0,-0.0,0.0
2024-04-15,-0.011926216461982405,0.0,-0.0,-0.0,0.0,-0.0,-0.0,-0.0,-0.0,-0.0
2024-04-16,-0.0037904602013138734,-0.0005,-0.0,-0.0005,-0.0,-0.0005,-0.0005,-0.0005,-0.0,-0.0
2024-04-17,0.0050728632599751355,-0.0022272594082916528,0.0,-0.0020825597815473723,-0.0,-0.0008916320850732356,-0.0011333114815154713,-0.0016811744668083113,-0.0,0.0
2024-04-18,-0.003682550444010597,0.0008010085783868577,0.0,0.002828130543045914,0.0,0.0015763534284070268,0.0016925705792329585,0.0025729575559942626,-0.0,-0.0
2024-04-19,-0.007536378394133735,-0.001801734881801429,-0.0,-0.0014229636581280158,-0.0,-0.001514775100104177,-0.0005853502237049765,-0.003624425723404659,-0.0,0.0
2024-04-22,0.006863769129434916,-0.004700151324593463,0.0,-0.0033403552940578325,-0.0,-0.001426187927506788,-0.00347286018564463,-0.0027462947979924627,0.0,0.0
2024-04-23,0.005413401995320989,0.00212342044098502,0.0,0.0023066532781320093,0.0,0.0015933283427102276,0.001260232517294804,0.0027321200965032336,0.0,0.0
2024-04-24,-0.018637179859823584,-0.003942749469743368,-0.0,-0.00395193689616221,-0.0,-0.004538220819572223,-0.004183115796476665,-0.00043729180767794256,-0.0,0.0
2024-04-25,-0.05012852501064429,-0.013993160610997986,0.0,-0.015448819488306146,-0.0005,-0.01363638928048878,-0.015757792380817957,-0.017140689023640788,0.0,-0.0
2024-04-26,-0.006971973381682567,0.009991836910367431,0.0,0.010482569153126921,0.0073430034155966386,0.008289250934154276,0.007995068219587025,0.0072403011062506396,0.0,-0.0005
2024-04-29,0.002529160221003145,0.00037073052016327497,-0.0,0.0037054189006742915,0.004194022620133312,0.0043216813693792225,0.004708608327390108,0.006429737669815068,-0.0,0.014989566392848467
2024-04-30,-0.002146407315134392,0.007136724399940109,0.0,0.0028698232240713865,0.007615714579921419,0.004784944499996024,0.007531864995029295,0.006224205353780851,0.0,-0.030085619563430463
2024-05-01,0.016581029824959927,-0.007312337658474586,0.0,-0.004922682737493581,-0.005070174652860725,-0.006947632908022847,-0.0067067933231512045,-0.007430956142621502,-0.0,-0.010835431167312375
2024-05-02,-0.011407686820552872,0.023593635300117502,-0.0005,0.025306952812585035,0.0237327963446704,0.02471055274895765,0.025159501218979734,0.0270167586405697,0.0,0.014085137401919953
2024-05-03,-0.020540583376398892,-0.02777901013541846,-0.008860063354854507,-0.0,-0.0,-0.0,-0.0,-0.0,0.0,-0.008019487829404223
2024-05-06,0.003664415853402869,0.00905392833417687,-0.01070479556549405,0.0,0.0,0.0,0.0,0.0,0.0,-0.010990582979836237
2024-05-07,-0.015136417587798264,-0.001048679337663544,0.011041805706948571,-0.0,-0.0,-0.0,-0.0,-0.0,0.0,-0.001981266581856169
2024-05-08,0.007508269280525054,-0.0160097173127408,0.026060013626109855,-0.0,-0.0005,-0.0,-0.0,-0.0,-0.0005,-0.022621193172000682
2024-05-09,-0.010884401155967952,-0.001910092078241405,0.00231854823964916,0.0,0.002406052120489423,0.0,0.0,0.0,-0.024002223437136903,0.014205811059624252
2024-05-10,0.028698330450552315,0.004910549564281325,0.0004864136673717106,0.0,-0.0010300212224980537,0.0,0.0,0.0,-0.009619895716334776,-0.0066565432810552
2024-05-13,-0.01813810248632148,0.003215931764142624,0.020214308419274747,0.0,0.005645479412927556,0.0,0.0,0.0,0.01973779577859095,0.010457648199590441
2024-05-14,-0.00426586635703586,-0.005234560386724877,0.0,-0.0,-0.006387594505578306,-0.0,-0.0,-0.0,-0.0037944076445572874,-0.006479924659822699
2024-05-15,0.024153129688365926,0.007354707850065979,-0.0005,0.0,0.004368680245825346,0.0,0.0,0.0,-0.0026115586552229635,-0.006129451776915541
2024-05-16,-0.011225784932621006,-0.002827392090885006,0.04697099438469488,-0.0,-0.0014663454076876607,-0.0,-0.0,-0.0,0.016274813435991266,0.01066265295371276
2024-05-17,0.006727019064975223,-0.0021378679100060157,0.001507134755691691,-0.0,-0.0032419439664045455,-0.0,-0.0,-0.0,0.0009730470876514316,-0.029467506182027495
2024-05-20,-0.01713003824684116,0.0036451200574146875,0.01129140825137573,0.0,0.003807768912691553,0.0,0.0,0.0,-0.012815105351869558,0.02465469039148723
2024-05-21,-0.01690000196450776,-0.013347112312452045,-0.008210813142436251,-0.0,-0.01078502352908023,-0.0,-0.0,-0.0,-0.019679883792634145,-0.012985701611607888
2024-05-22,-0.009519987301242695,0.0037192991752561114,0.031848551790067986,0.0,0.002297211695412059,0.0,0.0,0.0,-0.0069381390857940215,0.006067577424547079
2024-05-23,-0.02594524289497025,-0.007543559566998563,0.0,-0.0,-0.011993463459513902,-0.0,-0.0,-0.0,0.005863987213371757,-0.0036423721440968365
2024-05-24,-0.005358704194118163,-0.006938632568858419,0.0,-0.0005,-0.006717808881375234,-0.0,-0.0005,-0.0,-0.0030140080387119524,0.009673159431043965
2024-05-28,-0.006410994110696275,-0.007517842277730439,0.0,-0.007783473957399991,-0.006867154027411124,-0.0005,-0.008157284520036053,-0.0005,-0.006383512162025609,0.004546254291655788
2024-05-29,-0.017592371995901086,-0.002673122283653266,0.0,-0.0037158714068710142,-0.0024162663601355223,-0.004725205349616714,-0.006716995215672255,-0.005582465031849055,0.011864378607436206,0.007547204483188097
2024-05-30,0.005283095322762004,0.002369710421292192,-0.0005,0.0031762201860734895,0.006022513263093182,0.0029832103864551483,0.005144106604513763,0.004864931304647363,-0.007246581722250156,-0.009671814984970691
2024-05-31,0.020437894041510814,0.012925726058509963,0.015371083612830263,0.014709150799548678,0.012481986023488816,0.015163177527061901,0.01705614893896489,0.011035487447580919,0.01143431177807722,0.00836172928562403
2024-06-03,0.007761429087514779,0.03128180169134491,-0.01212656939378564,0.03010589826334297,0.029911047369429258,0.030854434240951488,0.028019416901092786,0.030401770114785436,0.003782084330464974,0.017086330532680535
2024-06-04,7.053594894125895e-05,-0.0,0.026076296491405748,-0.0,-0.0,-0.0,-0.0,-0.0,-0.017953037264491805,0.0003757137901642532
2024-06-05,-0.01086651882083566,-0.0,-0.010737664292950543,-0.0,-0.0,-0.0,-0.0,-0.0,0.0019449108436642038,0.020251951778990022
2024-06-06,0.011018899446410498,0.0,0.013801902851796085,0.0,0.0,0.0,0.0,0.0,0.002516315298489809,0.0
2024-06-07,-0.02354399116550155,0.0,0.020562914794067452,0.0,0.0,0.0,0.0,0.0,0.0030375867088785332,-0.0
2024-06-10,0.0028388017684337526,-0.0,0.0,-0.0,0.0,-0.0,-0.0,0.0,0.007222393153188872,0.0
2024-06-11,0.011835417284530865,-0.0,-0.0,-0.0,-0.0,-0.0,-0.0,-0.0,5.218661133454816e-06,-0.0
2024-06-12,0.007428674414587522,-0.0,0.0,-0.0,-0.0,-0.0,-0.0,-0.0,-0.025935035767214086,0.0
2024-06-13,-0.016830984415521024,-0.0,-0.0,-0.0,-0.0,-0.0,-0.0,-0.0,0.005854307170806055,-0.0
2024-06-14,4.2800982425384056e-05,0.0,0.0,0.0,0.0,0.0,0.0,0.0,-0.007751309312440787,0.0
2024-06-17,-0.01923233245149011,-0.0,-0.0,-0.0,0.0,-0.0,-0.0,-0.0,-0.018502665812622887,0.0
2024-06-18,-0.006627176333384034,0.0,-0.0,0.0,0.0,0.0,0.0,0.0,-0.0036461537200509386,0.0
2024-06-20,0.021875711606332067,0.0,-0.0,0.0,0.0,0.0,0.0,0.0,0.012023727504651693,-0.0
2024-06-21,0.02010379949056831,0.0,0.0,-0.0,0.0,-0.0,0.0,0.0,-0.001316910450388183,-0.0
2024-06-24,-0.004017479659456751,-0.0,-0.0,-0.0,-0.0,-0.0,-0.0,-0.0,0.006381489963688299,0.0
2024-06-25,-0.005803170408703668,-0.0,0.0,-0.0,-0.0,-0.0,-0.0,-0.0,-0.013091934818632557,-0.0
2024-06-26,0.003463681897875938,-0.0,-0.0,-0.0,-0.0,-0.0,-0.0,-0.0,0.01260093761157383,-0.0
2024-06-27,0.00852545233971242,-0.0,0.0,-0.0,-0.0,-0.0,-0.0,-0.0,0.002282695417814489,-0.0
2024-06-28,7.246681193852876e-05,0.0,-0.0,0.0,0.0,0.0,0.0,0.0,0.022078717409252595,0.0
2024-07-01,-0.005194414357592731,-0.0,-0.0,-0.0,-0.0,-0.0,-0.0,-0.0,0.004588261863228717,0.0
2024-07-02,-0.008339429849255868,-0.0,-0.0,-0.0,-0.0,-0.0,-0.0,-0.0,-0.013168370205830256,0.0
2024-07-03,0.012046078390269027,0.0,0.0,-0.0,-0.0,-0.0,-0.0,-0.0,0.008987393746644692,-0.0
2024-07-05,0.006839903202570447,-0.0,0.0,-0.0,-0.0,-0.0005,-0.0,-0.0,-0.005674582018452343,-0.0
2024-07-08,-0.003546331074434932,-0.0,-0.0,-0.0,-0.0005,-0.008686965785580692,-0.0005,-0.0,-0.0075798177261500775,-0.0
2024-07-09,0.0011247485578278309,-0.0005,-0.0,-0.0005,-0.01977219255852052,-0.019760197275617775,-0.019088509845291153,-0.0005,0.0022679741580012547,0.0
2024-07-10,0.02114838815615912,0.007632598580675144,0.0,0.009059335454032463,0.00876024401334942,0.008962470989247373,0.009903781705819362,0.008284895399340698,-0.001554169588578036,0.0
2024-07-11,-0.0,-0.00200683512761499,0.0,-0.002774589107044868,0.0011930257366008818,-0.002328461380014824,0.0009297181415050338,-0.0017292268686210617,0.03078957212451787,0.0
2024-07-12,0.0,0.015511378939439949,-0.0,0.015693924335500882,0.01829220789435793,0.015388050003874765,0.018020645088257063,0.01667522091893169,0.0,-0.0
2024-07-15,0.0,-0.006801198373829867,-0.0,-0.008859430285883159,-0.009352162995322287,-0.011560693536980653,-0.013473753704950171,-0.007441019330464068,0.0,0.0
2024-07-16,-0.0,0.015666014524032573,0.0,0.01532337520819466,0.018877111674557592,0.014324022617089014,0.017388352815461437,0.015600223875230069,0.0,0.0
2024-07-17,-0.0,0.010443086527410746,-0.0,0.009681013781561953,0.008759042543659615,0.009809632609124269,0.012575698782651554,0.0,-0.0,0.0
2024-07-18,0.0,-0.0,-0.0005,-0.0,-0.0,-0.007132293120396798,-0.0,-0.0,-0.0,-0.0005
2024-07-19,0.0,-0.0,-0.04338965457103308,-0.0,-0.0,-0.0034417234349268903,-0.0,-0.0,0.0,-0.004870985672511924
2024-07-22,-0.0,0.0,-0.0017681464688876838,0.0,-0.0,0.0006847534362693865,0.0,0.0,0.0,-0.03866144179281142
2024-07-23,0.0,0.0,-0.01102029007553812,0.0,0.0,0.015244058029063114,0.0,0.0,0.0,-0.021321982641687987
2024-07-24,0.0,0.0,0.008035620973614026,0.0,0.0,0.0,0.0,0.0,-0.0,-0.023175332109502008
2024-07-25,0.0,-0.0,0.018847482553751335,-0.0,-0.0,-0.0,-0.0,-0.0,-0.0,-0.04310085124915593
2024-07-26,0.0,0.0,-0.0017469327961037243,0.0,0.0,0.0,0.0,0.0,0.0,0.007978241272732542
2024-07-29,-0.0,-0.0,-0.006721797033934648,-0.0,-0.0,0.0,-0.0,0.0,0.0,0.02325145403177444
2024-07-30,-0.0,0.0,-0.0016150270882469234,0.0,0.0,0.0,0.0,0.0,-0.0,-0.004640488528529385
2024-07-31,0.0,-0.0,-0.009702652140195897,-0.0,-0.0,-0.0,-0.0,-0.0,-0.0,0.006148319945518616
2024-08-01,-0.0,-0.0,-0.02775021995544637,-0.0,-0.0,-0.0,-0.0,-0.0,0.0,-0.06730978440429873
2024-08-02,-0.0,0.0,0.017901370026596978,0.0,0.0,0.0,0.0,0.0,-0.0005,-0.0023271913400791447
2024-08-05,0.0,-0.0,-0.005931681849919955,-0.0,-0.0,-0.0,-0.0,-0.0,0.033217796927972186,-0.0094750780552472
2024-08-06,-0.0,-0.0,-0.005743131933957883,-0.0,0.0,-0.0,-0.0,-0.0,-0.005910403376811819,0.016623395543939844
2024-08-07,0.0,-0.0,0.017485235178413848,-0.0,-0.0,-0.0,-0.0,-0.0,-0.045114065227826544,0.035261037649358985
2024-08-08,-0.0,0.0,-0.003384126705266815,0.0,0.0,0.0,0.0,0.0,0.014910199990391062,-0.012407567047996625
2024-08-09,0.0,0.0,-0.004920853843917279,0.0,0.0,0.0,0.0,0.0,0.01808062161400495,-0.003244988344775754
2024-08-12,0.0,-0.0,-0.01122927855687919,-0.0,-0.0,-0.0,-0.0,-0.0,-0.002788617145635987,0.005527400445306983
2024-08-13,0.0,0.0,-0.003511658631200374,0.0,0.0,0.0,0.0,0.0,0.027074813373717966,0.014015710775841728
2024-08-14,0.0,-0.0,0.004120121702139365,-0.0,-0.0,-0.0,-0.0,-0.0,0.0022162181025781715,-0.012218679997078511
2024-08-15,-0.0,0.0,0.003913817088160852,0.0,-0.0,-0.0,0.0,0.0,0.005265344676141334,0.011480206061363091
2024-08-16,-0.0,0.0,-0.004927249781361196,0.0,0.0,0.0,0.0,0.0,-0.001188162700256852,-0.02183988446399502
2024-08-19,-0.0005,-0.0,-0.014595225484436588,-0.0,-0.0,-0.0,-0.0,-0.0,0.009985067817363795,0.01496329263862995
2024-08-20,0.010789796299664122,-0.0,0.014668209458628043,-0.0,-0.0,-0.0,-0.0,-0.0,0.0,-0.004178690071190911
2024-08-21,-0.02333635751629587,-0.0,-0.01738910142945242,-0.0,-0.0,-0.0,-0.0,0.0,0.0,0.003987215666509705
2024-08-22,0.007327831495196452,0.0,-0.000977970723282106,0.0,0.0,0.0,0.0,0.0,0.0,-0.021727057284645305
2024-08-23,0.00044812584019198473,0.0,-0.02500280272860541,0.0,0.0,0.0,0.0,0.0,0.0,-0.031895527791199176
2024-08-26,0.0144753666750271,-0.0,0.02415230436436233,-0.0,-0.0,-0.0,-0.0,-0.0,0.0,-0.014444468655609687
2024-08-27,0.002801381894797216,0.0,0.012138052338020126,0.0,0.0,0.0,0.0,0.0,0.0,0.009719140218828422
2024-08-28,0.00620008585404417,0.0,-0.00446907015876317,0.0,0.0,0.0,0.0,0.0,0.0,-0.03076676238490647
2024-08-29,-0.004623089725274284,0.0,0.015229196201355896,0.0,0.0,0.0,0.0,0.0,-0.0,0.008282754457567543
2024-08-30,0.008898929654157818,0.0,0.006268439284842515,0.0,0.0,0.0,0.0,0.0,0.0,-0.004760868518878343
2024-09-03,0.020049933729438543,-0.0,0.0024559979070363155,-0.0,-0.0,-0.0,-0.0,-0.0,-0.0,-0.01951668144743887
2024-09-04,-0.0,-0.0,-0.029228679760285908,-0.0,-0.0,-0.0,-0.0,-0.0,-0.0,0.023620892432738134
2024-09-05,-0.0,-0.0,-0.007789058855044186,-0.0,-0.0,-0.0,-0.0,-0.0,0.0,-0.008962360620346149
2024-09-06,-0.0,0.0,-0.009733640978645763,-0.0,0.0,-0.0,0.0,-0.0,-0.0,0.0038977792236674497
2024-09-09,0.0,0.0,0.01196205754183189,0.0,0.0,0.0,0.0,0.0,0.0,-0.019427466141002242
2024-09-10,-0.0,-0.0,0.005020040992815446,-0.0,-0.0,-0.0,-0.0,-0.0,0.0,0.0332992301280009
2024-09-11,-0.0,-0.0,0.009358572198642601,-0.0,-0.0,-0.0,-0.0,-0.0,-0.0,0.02024549656698088
2024-09-12,-0.0,0.0,-0.012321476117205306,0.0,0.0,0.0,0.0,0.0,0.0,0.01050614991705364
2024-09-13,-0.0,-0.0,-0.009777826597005764,-0.0,-0.0,-0.0,-0.0,-0.0,0.0,0.00406331013515804
2024-09-16,-0.0,-0.0,0.02117494131837443,-0.0,-0.0,-0.0,-0.0,-0.0,-0.0005,-0.014188561976142428
2024-09-17,0.0,-0.0005,-0.006276032975308477,-0.0005,-0.0,-0.0005,-0.0,-0.0005,-0.0071845290827842415,0.01834149205932235
2024-09-18,0.0,0.0036116416536409977,-0.004459043792240184,0.0025225445854057836,0.0,0.0012880706061059175,0.0,0.002371249951050678,0.000719019837051223,-0.009866528643029608
2024-09-19,-0.0,0.01603358902257391,0.014838179740884493,0.016442083902512124,0.0,0.01579667834962871,0.0,0.015008159863184219,0.011411974000610258,-0.01888252179909463
2024-09-20,-0.0,-0.008440450610636543,0.005116931167733277,-0.007524873643915955,-0.0,-0.004684419732072521,-0.0,-0.008139867173048605,-0.01634709158580372,0.0039011887557374725
2024-09-23,0.0,0.0030900729650383354,0.005129146476013919,0.0032791589284460205,0.0,0.002260699899510688,0.0,0.003623239762529222,-0.01322526427855462,0.00426263134552168
2024-09-24,-0.0,0.011205208780503434,-0.0,0.00983314112027365,0.0,0.01033463071349166,0.0,0.009413199849650056,-0.013889863173389526,0.01820163648981951
2024-09-25,-0.0,-0.007660833854509777,-0.0,-0.0,-0.0,-0.0,-0.0,-0.006808031395162178,-0.0014376326210006945,0.008660751893413083
2024-09-26,-0.0005,0.009626832095719294,-0.0,0.0,0.0,0.0,0.0,0.009097055326307038,-0.00972539921940553,-0.0
2024-09-27,0.0030604531262206696,0.0,0.0,0.0,0.0,0.0,0.0,0.013989473161051575,0.01877227088064286,-0.0
2024-09-30,-0.0014996947220629296,-0.0,0.0,-0.0,-0.0,-0.0,-0.0,-0.0,0.0029468756343923146,0.0
2024-10-01,-0.0019735048675784553,0.0,0.0,0.0,0.0,0.0,0.0,-0.0,0.021744679594869667,-0.0
2024-10-02,-0.007539176704241269,-0.0,-0.0,-0.0,-0.0,-0.0,-0.0,-0.0,0.004711885109919425,-0.0
2024-10-03,-0.009142911185684605,-0.0,0.0,-0.0,-0.0,-0.0,-0.0,-0.0,0.0055975952099525045,-0.0
2024-10-04,-0.008021270367014227,0.0,-0.0,0.0,0.0,0.0,0.0,0.0,-0.012327337606232718,0.0
2024-10-07,0.004456100419916427,0.0,0.0,0.0,0.0,0.0,0.0,0.0,0.01106292188204893,-0.0
2024-10-08,-0.002625657797402328,-0.0,0.0,-0.0,-0.0,-0.0,-0.0,-0.0,-0.028243545340882494,0.0
2024-10-09,-0.0067776920838857075,0.0,-0.0,0.0,0.0,0.0,0.0,0.0,-0.009980907228194912,-0.0
2024-10-10,0.007179597343119352,-0.0,-0.0,-0.0,-0.0,-0.0,-0.0,-0.0,-0.005224742625350501,0.0
2024-10-11,-0.007344175823148829,0.0,-0.0005,0.0,0.0,0.0,0.0,0.0,0.0015433602931045271,0.0
2024-10-14,-0.010565557920018648,0.0,0.017928077803410252,0.0,0.0,0.0,0.0,0.0,0.002965703365451977,0.0
2024-10-15,-0.00558150273546432,0.0,0.013031109582457531,0.0,0.0,0.0,0.0,0.0,-0.011148255185339037,0.0
2024-10-16,-0.006069775553068988,-0.0,0.0188803068537441,-0.0,-0.0,-0.0,-0.0,-0.0,-0.0015146023497165303,-0.0
2024-10-17,-0.010353310751413589,0.0,-0.00673575552143207,0.0,0.0,0.0,-0.0,-0.0,-0.0007188012413459569,-0.0
2024-10-18,0.005203923424113924,0.0,0.016586007697959967,0.0,0.0,0.0,0.0,0.0,0.010733311767832373,-0.0
2024-10-21,0.00581387019317518,-0.0,-0.02806964811030902,-0.0,-0.0,-0.0,-0.0,-0.0,-0.01013746192849323,-0.0
2024-10-22,0.00045982926038463066,-0.0,-0.023926568809851542,-0.0,-0.0,-0.0,-0.0,-0.0,-0.0028092918413860604,0.0
2024-10-23,0.05401142713875982,0.0,0.003330371374733097,-0.0,0.0,-0.0,0.0,-0.0,0.005842670412450152,0.0
2024-10-24,-0.0,-0.0,0.017941933679680264,-0.0,-0.0,-0.0,-0.0,-0.0,-0.0011833091861606108,-0.0
2024-10-25,0.0,0.0,-0.010522990341546084,0.0,0.0,0.0,0.0,0.0,0.0005747885099280882,-0.0
2024-10-28,-0.0005,0.0,-0.010158113679737485,0.0,0.0,0.0,0.0,0.0,0.013732473193877643,0.0
2024-10-29,-0.022411010934124183,0.0,-0.07026840003218769,0.0,-0.0,0.0,-0.0,-0.0,-0.015559608207164071,-0.0
2024-10-30,0.016990586344881133,-0.0,-0.03643275849873867,-0.0,-0.0,-0.0,-0.0,-0.0,-0.013926863326819045,0.0
2024-10-31,-0.0035388193742627765,-0.0,0.016685751222466752,-0.0,-0.0,-0.0,-0.0,-0.0005,-0.0943989194044521,0.0
2024-11-01,-0.016096792748639142,0.0,-0.019319166284994554,0.0,0.0,0.0,0.0,0.02512119633452955,-0.020642928134458602,0.0
2024-11-04,0.0049580850424492985,-0.0,0.013736245630606934,-0.0,-0.0,-0.0,-0.0,0.0005782342891674317,-0.005855787353527921,-0.0
2024-11-05,-0.019569805803893465,0.0,0.00018047727999596745,0.0,0.0,0.0,0.0,0.005978196492056852,-0.030520132373065022,0.0
2024-11-06,0.024199630517319416,0.0,-0.08900359397337934,0.0,-0.0,-0.0005,0.0,0.011359416611199522,-0.003938295387821068,-0.0005
2024-11-07,-0.004400621635273978,-0.0005,0.022468033280176145,-0.0005,-0.0005,0.05112577449118064,-0.0005,-0.05526881219960504,0.018828755676298745,0.053499498513504065
2024-11-08,-0.017919651632645202,0.012964419542531344,0.009359934657668746,0.01565391280867458,0.014904445906341145,0.0,0.015582488683402583,0.014199803938275413,-0.015422204743299384,-0.016466087407487884
2024-11-11,-0.00012245780920053934,0.008060709710837523,-0.020743473106037785,0.006129003367816261,0.00994713221930811,0.0,0.013489547793356139,0.01025915212605441,-0.02406862757003893,-0.013860642886884694
2024-11-12,0.015247915365438593,-0.01674711976161479,-0.014801528857113201,-0.0,-0.014594176863041196,-0.0005,-0.012831691312739093,-0.012312241465016745,0.008758724046096088,0.0019504645770439858
2024-11-13,0.011595200338609099,0.0015887021454471324,-0.014107049491160588,-0.0,-0.0001842963253002167,-0.0012139272431043598,0.0002477987306489055,0.0005538763011358952,0.020677548163898635,0.0265486019540665
2024-11-14,-0.01004950278661705,-0.014157198242888244,0.03326734547994743,-0.0005,-0.01203021478635748,-0.014619339810006335,-0.01585438037447222,-0.016622421330528336,-0.0017239822238273176,-0.013267772997563718
2024-11-15,-0.029825500556657548,-0.01473046969334782,-0.017286561121972473,-0.012649481745638612,-0.01457272295323651,-0.0159399712417011,-0.011748486658845527,-0.012738850855081058,-0.003495384061868139,-0.009459450150032274
2024-11-18,-0.0073245480215472,-0.0053332094457556175,0.0021390046918946092,-0.00588861819835018,-0.006995782984022167,-0.008530449165483574,-0.0067009073774928676,-0.004946848015914414,-0.009965994894056633,0.0016822436363239635
2024-11-19,0.01038617088171208,-0.007194008915479688,0.025524620906604574,-0.00685038374965208,-0.007989797866549369,-0.008559557153904659,-0.007142970743570577,-0.007659686900828763,0.009493447420857674,0.01382949977606808
2024-11-20,0.015650748216404085,-0.0034464071589051137,0.0054932123245865,-0.0008994004786094397,-0.0003030311571097763,-0.0010319988649629339,-0.0003468414089462615,-0.0026023166135602646,-0.005243727621107702,0.0036573865557610417
2024-11-21,0.015911706132249223,0.008552306398952481,-0.027306583911942853,0.010585271530234804,0.008744929136776304,0.009254258472698187,0.0132528974362962,0.012159597134918307,-0.03257210070889985,-0.0033168970822611936
2024-11-22,0.005748116038352389,-0.00467216894677743,-0.012515746696183258,-0.007826417117513895,-0.005143920961756463,-0.006993378097744633,-0.005137529978505726,-0.005574629748872281,0.004214963857975919,-0.023108371857123357
2024-11-25,-0.017384410896137178,0.00521987717867926,0.04266174008223145,0.005922696532511644,0.005028458717049449,0.005192381650712005,0.004592065990595682,0.004014129698676721,0.018816160843991826,-0.006048552873110579
2024-11-26,-0.00665021714835426,-0.007538830531454762,-0.02552846835842452,-0.008893231344247923,-0.0008373835181726269,-0.004167111043415651,-0.007660741626937989,-0.01149827383566871,-0.02878598697714447,-0.00870222706476419
2024-11-27,0.002716550869462226,-0.01111604295112837,0.006828363608800051,-0.010348612500942671,-0.013281005286408992,-0.011297662329831603,-0.011153764817855539,-0.010989742139679357,-0.0035985322753518323,-0.005121547119899313
2024-11-29,-0.0014737620414456312,0.0018214348565725909,-0.011921488724408943,0.003060772536498939,0.0015500721539488274,0.0013942412874137736,0.001098790542694275,3.839129213515258e-05,0.014638690856433843,0.021080345033140407
2024-12-02,0.0036838913429023453,0.010217656555898097,-0.013535294178951905,0.009970333314442007,0.009112496748707623,0.008320056797793424,0.007427118305746655,0.009252815059322166,-0.004816443139963492,0.021212745835266996
2024-12-03,-0.013003542305079618,-0.004856438815620369,0.010865468411251527,-0.006350701863424698,-0.006737965413109047,-0.004957323816868243,-0.0033129670172671933,-0.003608773146999291,-0.00659845642994113,-0.010632099331817794
2024-12-04,0.005082170757951502,0.0004659022832389823,-0.033505823863091484,0.004165431412877467,0.0024038809251589505,0.0009986617314462012,0.0017872727885567654,0.00019543435675165293,-0.005394092063630206,0.004497665439099194
2024-12-05,-0.005973006081108335,0.0035304077393334115,-0.006950647403787608,0.00419821465118925,0.003456868801858903,0.004761398249365531,0.0028055318321848818,-4.080711588798011e-05,-0.01605377560201921,-0.018390766532551936
2024-12-06,-0.006031025667650341,-0.007859981236867692,0.0022254356671658655,-0.009079477391198259,-0.0056699814836136935,-0.007805758353183462,-0.006585987017717203,-0.006186408312601044,-0.0060199636437027245,-0.009493593421001065
2024-12-09,0.017380489231450195,0.02122262780930229,0.012358573005693518,0.016047003863491265,0.020942349446455216,0.0189378953434748,0.019501394091928997,0.02183664615067898,0.028175857225984483,0.021475583658310326
2024-12-10,0.00013824808848591661,-0.006391456970047448,-0.02314514277966079,-0.007110507363209738,-0.00630155471389214,-0.006079989921892537,-0.007267965292088398,-0.00482695837546792,-0.007817700928498554,-0.01107488788891847
2024-12-11,0.009984645133194102,-0.0012559422976131636,-0.017007193040114364,0.002033113992049948,0.0020058005203764206,-0.0004419888529821191,0.0011018034645187387,-0.0009845928419357467,-0.0158317167767052,0.012891790823769574
2024-12-12,0.013844087171865848,0.028276767173560275,-0.017088272497766635,0.025890228156737704,0.025609219503397028,0.027071804951963756,0.026546830699130726,0.026641219908950388,0.002990467747682081,0.011975889292333054
2024-12-13,-0.0,-0.005818263301105357,-0.0033044501346864213,-0.0,-0.011201184237988684,-0.007018198092820321,-0.0,-0.0074961093666327935,0.0016574927714720165,-0.0156508212586694
2024-12-16,-0.0,0.011364885000915814,-0.0015308634120137603,0.0,0.010582523330875324,0.011029995237326085,0.0,0.006936020333121363,0.0033485097810405096,-0.021434847378596675
2024-12-17,0.0,-0.0,0.003889083506212197,-0.0,-0.0028743095965786053,-0.0,-0.0,-0.008762962431790637,0.0005025542469538138,0.022847147239525384
2024-12-18,0.0,-0.0,0.0037242841627745243,-0.0,-0.000494681362876474,-0.0,-0.0,-0.0008510123164175657,0.02317530074829038,0.010992189240161869
2024-12-19,-0.0,-0.0,-0.014323082272271529,-0.0,-0.003949535013762787,-0.0,-0.0,-0.00593253979902537,-0.01188707468334809,-0.003700501070330736
2024-12-20,-0.0,0.0,0.012971457262177528,0.0,0.013452737105768633,0.0,0.0,0.014735768541302487,-0.004805751481370767,-0.006105023742451525
2024-12-23,0.0,-0.0,0.01033579159464473,-0.0,-0.0,-0.0,-0.0,-0.006541174569956995,-0.0013059671252593065,0.00030516861992294997
2024-12-24,-0.0,-0.0,-0.002115685602589899,0.0,-0.0,0.0,0.0,-0.000609490281791658,-0.006363945903891719,0.0006932924093300472
2024-12-26,-0.0,0.0,0.00530685967178483,0.0,0.0,0.0,0.0,0.006175056315393136,0.007043078913060287,0.00574981649920867
2024-12-27,0.0,0.0,0.0045688531933465275,0.0,0.0,0.0,0.0,0.0017638550580468702,0.010153486253020651,0.003620225752747662
2024-12-30,0.0,-0.0,0.0050166670473976785,-0.0,-0.0,-0.0,-0.0,-0.0,0.0042615530624587296,-0.008424029928394564
