Date,stock1,stock2,z_score,position,position_change,spread_return,strategy_return_before_cost,transaction_cost,strategy_return_after_cost,equity_after_cost
2023-01-03,BDX,SRE,1.7707261720927736,0.0,0.0,,,0.0,,
2023-01-04,BDX,SRE,1.7901316244325511,0.0,0.0,0.004892408693226239,0.0,0.0,0.0,1.0
2023-01-05,BDX,SRE,1.604311746258008,0.0,0.0,-0.005929424223448201,-0.0,0.0,-0.0,1.0
2023-01-06,BDX,SRE,1.7645137348460893,0.0,0.0,0.011711833455104674,0.0,0.0,0.0,1.0
2023-01-09,BDX,SRE,1.084758724815018,0.0,0.0,-0.03181895027072347,-0.0,0.0,-0.0,1.0
2023-01-10,BDX,SRE,1.2570597749639048,0.0,0.0,0.01078937965162531,0.0,0.0,0.0,1.0
2023-01-11,BDX,SRE,1.1126550126046362,0.0,0.0,-0.005331942967644486,-0.0,0.0,-0.0,1.0
2023-01-12,BDX,SRE,1.0012709372778628,0.0,0.0,-0.004010104354983684,-0.0,0.0,-0.0,1.0
2023-01-13,BDX,SRE,1.0671558929441847,0.0,0.0,0.005080771742224506,0.0,0.0,0.0,1.0
2023-01-17,BDX,SRE,1.0110462291747833,0.0,0.0,-0.0011293006930862964,-0.0,0.0,-0.0,1.0
2023-01-18,BDX,SRE,0.9751933351044637,0.0,0.0,-0.00014649160218351866,-0.0,0.0,-0.0,1.0
2023-01-19,BDX,SRE,1.0042074068895472,0.0,0.0,0.0032510764330565293,0.0,0.0,0.0,1.0
2023-01-20,BDX,SRE,0.8823862088932779,0.0,0.0,-0.004737105178800683,-0.0,0.0,-0.0,1.0
2023-01-23,BDX,SRE,0.5073483933801988,0.0,0.0,-0.018200286622412375,-0.0,0.0,-0.0,1.0
2023-01-24,BDX,SRE,0.18137201745231546,0.0,0.0,-0.016168296911581448,-0.0,0.0,-0.0,1.0
2023-01-25,BDX,SRE,0.2529039075203049,0.0,0.0,0.004441524707521042,0.0,0.0,0.0,1.0
2023-01-26,BDX,SRE,0.3706735435194628,0.0,0.0,0.006716887071387988,0.0,0.0,0.0,1.0
2023-01-27,BDX,SRE,0.5173739628805228,0.0,0.0,0.008270488532471131,0.0,0.0,0.0,1.0
2023-01-30,BDX,SRE,0.39060957909180677,0.0,0.0,-0.005658708873012719,-0.0,0.0,-0.0,1.0
2023-01-31,BDX,SRE,0.563230681313267,0.0,0.0,0.009986895025962098,0.0,0.0,0.0,1.0
2023-02-01,BDX,SRE,0.7067140918097881,0.0,0.0,0.008528612946711133,0.0,0.0,0.0,1.0
2023-02-02,BDX,SRE,0.17014709548622153,0.0,0.0,-0.02497327198013865,-0.0,0.0,-0.0,1.0
2023-02-03,BDX,SRE,0.1206295120545716,0.0,0.0,-0.00092920385849426,-0.0,0.0,-0.0,1.0
2023-02-06,BDX,SRE,0.3996361549118536,0.0,0.0,0.014153048798699962,0.0,0.0,0.0,1.0
2023-02-07,BDX,SRE,0.6741555489853065,0.0,0.0,0.013049340697249428,0.0,0.0,0.0,1.0
2023-02-08,BDX,SRE,0.49023994415087324,0.0,0.0,-0.006695492722357481,-0.0,0.0,-0.0,1.0
2023-02-09,BDX,SRE,0.04826368369898673,0.0,0.0,-0.017002761164697466,-0.0,0.0,-0.0,1.0
2023-02-10,BDX,SRE,0.06635198951122599,0.0,0.0,0.0022448877257642223,0.0,0.0,0.0,1.0
2023-02-13,BDX,SRE,-0.07723026952924836,0.0,0.0,-0.0035579914445574446,-0.0,0.0,-0.0,1.0
2023-02-14,BDX,SRE,-0.5600752381799285,0.0,0.0,-0.013912831116445448,-0.0,0.0,-0.0,1.0
2023-02-15,BDX,SRE,-0.7652000241754756,0.0,0.0,-0.0023005939203645577,-0.0,0.0,-0.0,1.0
2023-02-16,BDX,SRE,-1.0831837384163487,0.0,0.0,-0.004917969927974988,-0.0,0.0,-0.0,1.0
2023-02-17,BDX,SRE,-0.8139127867635573,0.0,0.0,0.008706699416492478,0.0,0.0,0.0,1.0
2023-02-21,BDX,SRE,-1.4892154921236742,0.0,0.0,-0.01498640097316663,-0.0,0.0,-0.0,1.0
2023-02-22,BDX,SRE,-1.3878375120058324,0.0,0.0,0.0042437009406813475,0.0,0.0,0.0,1.0
2023-02-23,BDX,SRE,-1.626072455610656,0.0,0.0,-0.0037796233909174,-0.0,0.0,-0.0,1.0
2023-02-24,BDX,SRE,-2.014847261097924,1.0,1.0,-0.006817601737562816,-0.0,0.0005,-0.0005,0.9995
2023-02-27,BDX,SRE,-2.165394773255997,1.0,0.0,-0.0035793164439854456,-0.0035793164439854456,0.0,-0.0035793164439854456,0.9959224732142365
2023-02-28,BDX,SRE,-2.091611333757668,1.0,0.0,-0.00042584088451120584,-0.00042584088451120584,0.0,-0.00042584088451120584,0.9954983687073383
2023-03-01,BDX,SRE,-2.2386192224333175,1.0,0.0,-0.00609114808935924,-0.00609114808935924,0.0,-0.00609114808935924,0.9894346407208263
2023-03-02,BDX,SRE,-1.8872809466663014,1.0,0.0,0.006075984892137485,0.006075984892137485,0.0,0.006075984892137485,0.9954464306496035
2023-03-03,BDX,SRE,-1.4680038700030624,1.0,0.0,0.009514948647069808,0.009514948647069808,0.0,0.009514948647069808,1.0049180523181434
2023-03-06,BDX,SRE,-1.6414883289043405,1.0,0.0,-0.004555985892942137,-0.004555985892942137,0.0,-0.004555985892942137,1.000339659848219
2023-03-07,BDX,SRE,-1.4087783202346156,1.0,0.0,0.005046404789414766,0.005046404789414766,0.0,0.005046404789414766,1.0053877786987186
2023-03-08,BDX,SRE,-1.5390681811270932,1.0,0.0,-0.004453069136533799,-0.004453069136533799,0.0,-0.004453069136533799,1.0009107174111471
2023-03-09,BDX,SRE,-1.7460809587279038,1.0,0.0,-0.006972543396200312,-0.006972543396200312,0.0,-0.006972543396200312,0.9939318239982758
2023-03-10,BDX,SRE,-1.8057486328741201,1.0,0.0,-0.0038277564722778564,-0.0038277564722778564,0.0,-0.0038277564722778564,0.9901272950259635
2023-03-13,BDX,SRE,-1.4627249279833483,1.0,0.0,0.007572996691455646,0.007572996691455646,0.0,0.007572996691455646,0.9976255257553152
2023-03-14,BDX,SRE,-1.3863835659707548,1.0,0.0,0.0006321798281795016,0.0006321798281795016,0.0,0.0006321798281795016,0.9982562044887746
2023-03-15,BDX,SRE,-1.07074678686875,1.0,0.0,0.007787640654084484,0.007787640654084484,0.0,0.007787640654084484,1.0060302650900435
2023-03-16,BDX,SRE,-0.6810010430697403,1.0,0.0,0.010251656237814943,0.010251656237814943,0.0,0.010251656237814943,1.0163437415325844
2023-03-17,BDX,SRE,-0.7866177860237147,1.0,0.0,-0.003513033886642542,-0.003513033886642542,0.0,-0.003513033886642542,1.0127732915281034
2023-03-20,BDX,SRE,-0.487753840109227,0.0,-1.0,0.007914932007033342,0.007914932007033342,0.0005,0.007414932007033342,1.0202829366233237
2023-03-21,BDX,SRE,-0.15496001960353223,0.0,0.0,0.008824681609215778,0.0,0.0,0.0,1.0202829366233237
2023-03-22,BDX,SRE,-0.07360498930827963,0.0,0.0,0.0017975058050029935,0.0,0.0,0.0,1.0202829366233237
2023-03-23,BDX,SRE,-0.26675331202595925,0.0,0.0,-0.005860726439249242,-0.0,0.0,-0.0,1.0202829366233237
2023-03-24,BDX,SRE,0.14843926828784834,0.0,0.0,0.010839445703488833,0.0,0.0,0.0,1.0202829366233237
2023-03-27,BDX,SRE,0.30355226759561643,0.0,0.0,0.003803844937614482,0.0,0.0,0.0,1.0202829366233237
2023-03-28,BDX,SRE,0.09888230822986578,0.0,0.0,-0.006226068947808083,-0.0,0.0,-0.0,1.0202829366233237
2023-03-29,BDX,SRE,0.16082102923438402,0.0,0.0,0.0010135302014627878,0.0,0.0,0.0,1.0202829366233237
2023-03-30,BDX,SRE,0.4660673053457188,0.0,0.0,0.006985952289055665,0.0,0.0,0.0,1.0202829366233237
2023-03-31,BDX,SRE,0.7702772110873611,0.0,0.0,0.006488317590682233,0.0,0.0,0.0,1.0202829366233237
2023-04-03,BDX,SRE,0.8380373093940643,0.0,0.0,0.0007063334634497399,0.0,0.0,0.0,1.0202829366233237
2023-04-04,BDX,SRE,1.0729724060137846,0.0,0.0,0.003915468974135433,0.0,0.0,0.0,1.0202829366233237
2023-04-05,BDX,SRE,1.4169512129800248,0.0,0.0,0.008094265363117739,0.0,0.0,0.0,1.0202829366233237
2023-04-06,BDX,SRE,1.7470009507173303,0.0,0.0,0.007730341672180946,0.0,0.0,0.0,1.0202829366233237
2023-04-10,BDX,SRE,1.5428961491949569,0.0,0.0,-0.004470271809000035,-0.0,0.0,-0.0,1.0202829366233237
2023-04-11,BDX,SRE,1.4785764222253661,0.0,0.0,-0.0011463666851364428,-0.0,0.0,-0.0,1.0202829366233237
2023-04-12,BDX,SRE,1.6756431244989893,0.0,0.0,0.004958606148533058,0.0,0.0,0.0,1.0202829366233237
2023-04-13,BDX,SRE,1.9724724819728978,0.0,0.0,0.008060622061388177,0.0,0.0,0.0,1.0202829366233237
2023-04-14,BDX,SRE,1.9330690620060582,0.0,0.0,0.00018247929981526087,0.0,0.0,0.0,1.0202829366233237
2023-04-17,BDX,SRE,1.8707293248083006,0.0,0.0,-0.0006788223685387368,-0.0,0.0,-0.0,1.0202829366233237
2023-04-18,BDX,SRE,1.3527412783235073,0.0,0.0,-0.012520239695413032,-0.0,0.0,-0.0,1.0202829366233237
2023-04-19,BDX,SRE,1.9458651276147323,0.0,0.0,0.01683706467062362,0.0,0.0,0.0,1.0202829366233237
2023-04-20,BDX,SRE,2.3242031389492475,-1.0,-1.0,0.013714561133260143,0.0,0.0005,-0.0005,1.0197727951550122
2023-04-21,BDX,SRE,2.109264874586058,-1.0,0.0,-0.0024136582440547135,0.0024136582440547135,0.0,0.0024136582440547135,1.022234178169101
2023-04-24,BDX,SRE,2.0389138428367213,-1.0,0.0,0.0011319380169399137,-0.0011319380169399137,0.0,-0.0011319380169399137,1.021077072440616
2023-04-25,BDX,SRE,1.8092431619230245,-1.0,0.0,-0.00441083250038546,0.00441083250038546,0.0,0.00441083250038546,1.0255808723771356
2023-04-26,BDX,SRE,1.6598339839999174,-1.0,0.0,-0.002437977864167974,0.002437977864167974,0.0,0.002437977864167974,1.028081215841905
2023-04-27,BDX,SRE,2.0502850547823983,-1.0,0.0,0.015022183499414754,-0.015022183499414754,0.0,-0.015022183499414754,1.0126371911652265
2023-04-28,BDX,SRE,2.1048904756074847,-1.0,0.0,0.004962112956316405,-0.004962112956316405,0.0,-0.004962112956316405,1.0076123710388978
2023-05-01,BDX,SRE,2.048980414905906,-1.0,0.0,0.001983490223238218,-0.001983490223238218,0.0,-0.001983490223238218,1.0056137817521282
2023-05-02,BDX,SRE,1.9561932398989106,-1.0,0.0,0.0004142342442066283,-0.0004142342442066283,0.0,-0.0004142342442066283,1.0051972220872805
2023-05-03,BDX,SRE,1.8789483990844655,-1.0,0.0,0.00043382355180682014,-0.00043382355180682014,0.0,-0.00043382355180682014,1.0047611438581283
2023-05-04,BDX,SRE,0.6344680566683162,-1.0,0.0,-0.04489117180254993,0.04489117180254993,0.0,0.04489117180254993,1.0498660489875902
2023-05-05,BDX,SRE,0.6813049296875662,-1.0,0.0,0.002012693869714376,-0.002012693869714376,0.0,-0.002012693869714376,1.0477529900267717
2023-05-08,BDX,SRE,0.43451204692180595,0.0,1.0,-0.008570733975794522,0.008570733975794522,0.0005,0.008070733975794522,1.056209125681621
2023-05-09,BDX,SRE,0.18572177175154395,0.0,0.0,-0.008861173175905195,-0.0,0.0,-0.0,1.056209125681621
2023-05-10,BDX,SRE,0.33587746615594505,0.0,0.0,0.005819231642714127,0.0,0.0,0.0,1.056209125681621
2023-05-11,BDX,SRE,0.4667593346222722,0.0,0.0,0.005411555882606082,0.0,0.0,0.0,1.056209125681621
2023-05-12,BDX,SRE,0.5770862742895984,0.0,0.0,0.004770489863272123,0.0,0.0,0.0,1.056209125681621
2023-05-15,BDX,SRE,0.5462520373807154,0.0,0.0,-0.000331545025405092,-0.0,0.0,-0.0,1.056209125681621
2023-05-16,BDX,SRE,0.7206730484797367,0.0,0.0,0.007171115380064961,0.0,0.0,0.0,1.056209125681621
2023-05-17,BDX,SRE,0.7216035084634722,0.0,0.0,0.0009899610530024034,0.0,0.0,0.0,1.056209125681621
2023-05-18,BDX,SRE,0.7110648417331372,0.0,0.0,0.000552778597630008,0.0,0.0,0.0,1.056209125681621
2023-05-19,BDX,SRE,0.7897754544588224,0.0,0.0,0.0038237983452143525,0.0,0.0,0.0,1.056209125681621
2023-05-22,BDX,SRE,0.655410984743353,0.0,0.0,-0.003864860406794658,-0.0,0.0,-0.0,1.056209125681621
2023-05-23,BDX,SRE,0.08477908809689098,0.0,0.0,-0.01917650284361802,-0.0,0.0,-0.0,1.056209125681621
2023-05-24,BDX,SRE,-0.04207204154590808,0.0,0.0,-0.0034313326219078226,-0.0,0.0,-0.0,1.056209125681621
2023-05-25,BDX,SRE,-0.3725800759253165,0.0,0.0,-0.009936940997615447,-0.0,0.0,-0.0,1.056209125681621
2023-05-26,BDX,SRE,-0.504939882231893,0.0,0.0,-0.0032451278304071437,-0.0,0.0,-0.0,1.056209125681621
2023-05-30,BDX,SRE,-0.8777619061997417,0.0,0.0,-0.011202341750747722,-0.0,0.0,-0.0,1.056209125681621
2023-05-31,BDX,SRE,-0.4489483885537636,0.0,0.0,0.014508734925301726,0.0,0.0,0.0,1.056209125681621
2023-06-01,BDX,SRE,0.32389758745281233,0.0,0.0,0.024597010947008995,0.0,0.0,0.0,1.056209125681621
2023-06-02,BDX,SRE,0.7600718811969033,0.0,0.0,0.01392799170597029,0.0,0.0,0.0,1.056209125681621
2023-06-05,BDX,SRE,1.0033704392741143,0.0,0.0,0.007805098376842203,0.0,0.0,0.0,1.056209125681621
2023-06-06,BDX,SRE,0.484443798474164,0.0,0.0,-0.014117639635340842,-0.0,0.0,-0.0,1.056209125681621
2023-06-07,BDX,SRE,0.4863535411384062,0.0,0.0,0.0007394460291171882,0.0,0.0,0.0,1.056209125681621
2023-06-08,BDX,SRE,0.10365661278181915,0.0,0.0,-0.009010434827977061,-0.0,0.0,-0.0,1.056209125681621
2023-06-09,BDX,SRE,0.5128978214687491,0.0,0.0,0.010740983018211818,0.0,0.0,0.0,1.056209125681621
2023-06-12,BDX,SRE,0.39800596471759825,0.0,0.0,-0.002088068959553397,-0.0,0.0,-0.0,1.056209125681621
2023-06-13,BDX,SRE,0.5599878652312729,0.0,0.0,0.004268252887882483,0.0,0.0,0.0,1.056209125681621
2023-06-14,BDX,SRE,0.8038337816470847,0.0,0.0,0.005887973549776398,0.0,0.0,0.0,1.056209125681621
2023-06-15,BDX,SRE,1.1694994013626296,0.0,0.0,0.008522855304583356,0.0,0.0,0.0,1.056209125681621
2023-06-16,BDX,SRE,1.6082204319618685,0.0,0.0,0.010369959912633264,0.0,0.0,0.0,1.056209125681621
2023-06-20,BDX,SRE,1.2556577465814744,0.0,0.0,-0.006853689356022959,-0.0,0.0,-0.0,1.056209125681621
2023-06-21,BDX,SRE,1.2728359148028188,0.0,0.0,0.001141528627615053,0.0,0.0,0.0,1.056209125681621
2023-06-22,BDX,SRE,1.5550890535848216,0.0,0.0,0.006900032281931558,0.0,0.0,0.0,1.056209125681621
2023-06-23,BDX,SRE,1.4989324614132566,0.0,0.0,-0.00028977528115033905,-0.0,0.0,-0.0,1.056209125681621
2023-06-26,BDX,SRE,1.226144743192059,0.0,0.0,-0.0049057844326301486,-0.0,0.0,-0.0,1.056209125681621
2023-06-27,BDX,SRE,1.497229742507928,0.0,0.0,0.006395301206168621,0.0,0.0,0.0,1.056209125681621
2023-06-28,BDX,SRE,1.6929328208990486,0.0,0.0,0.005280227302671619,0.0,0.0,0.0,1.056209125681621
2023-06-29,BDX,SRE,1.9140111069392398,0.0,0.0,0.006261425203674596,0.0,0.0,0.0,1.056209125681621
2023-06-30,BDX,SRE,2.341356347437831,-1.0,-1.0,0.011888825364331267,0.0,0.0005,-0.0005,1.0556810211187804
2023-07-03,BDX,SRE,1.8062888184437553,-1.0,0.0,-0.00953352705689855,0.00953352705689855,0.0,0.00953352705689855,1.0657453846970706
2023-07-05,BDX,SRE,1.374196026710812,-1.0,0.0,-0.008305058687430446,0.008305058687430446,0.0,0.008305058687430446,1.074596462662838
2023-07-06,BDX,SRE,1.2636611555428157,-1.0,0.0,-0.0014349989375392015,0.0014349989375392015,0.0,0.0014349989375392015,1.0761385074450425
2023-07-07,BDX,SRE,0.9031448927326842,-1.0,0.0,-0.007397883565436744,0.007397883565436744,0.0,0.007397883565436744,1.0840996548234036
2023-07-10,BDX,SRE,0.9543009407607721,-1.0,0.0,0.0018355101457586075,-0.0018355101457586075,0.0,-0.0018355101457586075,1.082109778907962
2023-07-11,BDX,SRE,1.0055964843138105,-1.0,0.0,0.0018182401739737846,-0.0018182401739737846,0.0,-0.0018182401739737846,1.0801422434353016
2023-07-12,BDX,SRE,0.7162686176581182,-1.0,0.0,-0.006150692011709615,0.006150692011709615,0.0,0.006150692011709615,1.0867858657035092
2023-07-13,BDX,SRE,0.8388896827601249,-1.0,0.0,0.0033367028544896067,-0.0033367028544896067,0.0,-0.0033367028544896067,1.0831595842031974
2023-07-14,BDX,SRE,0.8136391583508039,-1.0,0.0,5.589852593694718e-05,-5.589852593694718e-05,0.0,-5.589852593694718e-05,1.083099037179086
2023-07-17,BDX,SRE,0.5386758288036126,-1.0,0.0,-0.006022028265551423,0.006022028265551423,0.0,0.006022028265551423,1.08962149019537
2023-07-18,BDX,SRE,0.5749581069850904,-1.0,0.0,0.0008953765837782729,-0.0008953765837782729,0.0,-0.0008953765837782729,1.0886458686278675
2023-07-19,BDX,SRE,0.2074585639644544,0.0,1.0,-0.008523018010161525,0.008523018010161525,0.0005,0.008023018010161524,1.0973800940385567
2023-07-20,BDX,SRE,1.3330939610585446,0.0,0.0,0.02671783050714306,0.0,0.0,0.0,1.0973800940385567
2023-07-21,BDX,SRE,1.3979818708721823,0.0,0.0,0.002555740898371503,0.0,0.0,0.0,1.0973800940385567
2023-07-24,BDX,SRE,3.3006877301202158,-1.0,-1.0,0.05520622028128661,0.0,0.0005,-0.0005,1.0968314039915374
2023-07-25,BDX,SRE,3.3257605833016566,-1.0,0.0,0.011547988971320351,-0.011547988971320351,0.0,-0.011547988971320351,1.0841652070348453
2023-07-26,BDX,SRE,2.9473078271401416,-1.0,0.0,-0.0028495722392821643,0.0028495722392821643,0.0,0.0028495722392821643,1.0872546141116073
2023-07-27,BDX,SRE,2.921433684337538,-1.0,0.0,0.007849713921629331,-0.007849713921629331,0.0,-0.007849713921629331,1.0787199764308597
2023-07-28,BDX,SRE,2.4238606966683993,-1.0,0.0,-0.011479387799337624,0.011479387799337624,0.0,0.011479387799337624,1.0911030213672017
2023-07-31,BDX,SRE,2.1531099520500643,-1.0,0.0,-0.0055306753286215055,0.0055306753286215055,0.0,0.0055306753286215055,1.0971375579284617
2023-08-01,BDX,SRE,2.114703758548538,-1.0,0.0,0.00324983114823093,-0.00324983114823093,0.0,-0.00324983114823093,1.0935720461188116
2023-08-02,BDX,SRE,1.828542469703767,-1.0,0.0,-0.007551099371054703,0.007551099371054703,0.0,0.007551099371054703,1.1018297173084626
2023-08-03,BDX,SRE,1.2664803329386136,-1.0,0.0,-0.020452498311348426,0.020452498311348426,0.0,0.020452498311348426,1.1243648877411072
2023-08-04,BDX,SRE,1.4770843325797056,-1.0,0.0,0.010575442404897896,-0.010575442404897896,0.0,-0.010575442404897896,1.1124742316287115
2023-08-07,BDX,SRE,1.7779792948948336,-1.0,0.0,0.015274919874617114,-0.015274919874617114,0.0,-0.015274919874617114,1.0954812768780067
2023-08-08,BDX,SRE,2.127706540330507,-1.0,0.0,0.019264638832173525,-0.019264638832173525,0.0,-0.019264638832173525,1.0743772257315436
2023-08-09,BDX,SRE,2.0290083446363645,-1.0,0.0,0.0005445581730817298,-0.0005445581730817298,0.0,-0.0005445581730817298,1.0737921648322986
2023-08-10,BDX,SRE,1.6405586578581628,-1.0,0.0,-0.013770055601143095,0.013770055601143095,0.0,0.013770055601143095,1.088578342646111
2023-08-11,BDX,SRE,1.8933527472785634,-1.0,0.0,0.015392629104324741,-0.015392629104324741,0.0,-0.015392629104324741,1.071822259966759
2023-08-14,BDX,SRE,1.9049513472578077,-1.0,0.0,0.004958778731559478,-0.004958778731559478,0.0,-0.004958778731559478,1.066507330540024
2023-08-15,BDX,SRE,1.7092185223633987,-1.0,0.0,-0.005468106821306912,0.005468106821306912,0.0,0.005468106821306912,1.0723391065491237
2023-08-16,BDX,SRE,1.3797879362479755,-1.0,0.0,-0.013096298117190385,0.013096298117190385,0.0,0.013096298117190385,1.0863827791712126
2023-08-17,BDX,SRE,1.2263012769576174,-1.0,0.0,-0.0052553936336643455,0.0052553936336643455,0.0,0.0052553936336643455,1.0920921483125916
2023-08-18,BDX,SRE,1.0643380393062687,-1.0,0.0,-0.006133767525402097,0.006133767525402097,0.0,0.006133767525402097,1.098790787666658
2023-08-21,BDX,SRE,1.1408610548741263,-1.0,0.0,0.0053875228270370045,-0.0053875228270370045,0.0,-0.0053875228270370045,1.0928710272159659
2023-08-22,BDX,SRE,1.0996044302247623,-1.0,0.0,-0.0004952450624942367,0.0004952450624942367,0.0,0.0004952450624942367,1.0934122661961376
2023-08-23,BDX,SRE,1.1281879275445381,-1.0,0.0,0.002690350155863174,-0.002690350155863174,0.0,-0.002690350155863174,1.0904706043353543
2023-08-24,BDX,SRE,1.1973886155840825,-1.0,0.0,0.004168468988199641,-0.004168468988199641,0.0,-0.004168468988199641,1.085925011438639
2023-08-25,BDX,SRE,1.3365136512111715,-1.0,0.0,0.007581964701035021,-0.007581964701035021,0.0,-0.007581964701035021,1.0776915663339401
2023-08-28,BDX,SRE,1.4153745263731436,-1.0,0.0,0.0054847134216347015,-0.0054847134216347015,0.0,-0.0054847134216347015,1.0717807369356858
2023-08-29,BDX,SRE,1.3474641289378995,-1.0,0.0,-0.0009005572538265108,0.0009005572538265108,0.0,0.0009005572538265108,1.0727459368528447
2023-08-30,BDX,SRE,1.2877566978670352,-1.0,0.0,-0.0006143079701805445,0.0006143079701805445,0.0,0.0006143079701805445,1.0734049332318323
2023-08-31,BDX,SRE,1.2392886705533848,-1.0,0.0,-0.0004081566770385704,0.0004081566770385704,0.0,0.0004081566770385704,1.073843050622497
2023-09-01,BDX,SRE,1.1385104051344597,-1.0,0.0,-0.0028775389436404165,0.0028775389436404165,0.0,0.0028775389436404165,1.0769330758200208
2023-09-05,BDX,SRE,0.7308196260472267,-1.0,0.0,-0.016606910396679126,0.016606910396679126,0.0,0.016606910396679126,1.094817606913384
2023-09-06,BDX,SRE,0.11911341429084735,0.0,1.0,-0.024871415938301233,0.024871415938301233,0.0005,0.024371415938301232,1.1214998621880456
2023-09-07,BDX,SRE,0.12557416892133721,0.0,0.0,0.0014203322865591964,0.0,0.0,0.0,1.1214998621880456
2023-09-08,BDX,SRE,-0.011531878292413873,0.0,0.0,-0.004405738003307059,-0.0,0.0,-0.0,1.1214998621880456
2023-09-11,BDX,SRE,0.01078786612848319,0.0,0.0,0.0019452268856333824,0.0,0.0,0.0,1.1214998621880456
2023-09-12,BDX,SRE,-0.36651232581147614,0.0,0.0,-0.013647632757691883,-0.0,0.0,-0.0,1.1214998621880456
2023-09-13,BDX,SRE,-0.32301758611318415,0.0,0.0,0.002366019797951302,0.0,0.0,0.0,1.1214998621880456
2023-09-14,BDX,SRE,-0.5585327739518083,0.0,0.0,-0.007989063994600542,-0.0,0.0,-0.0,1.1214998621880456
2023-09-15,BDX,SRE,-0.6243850664411341,0.0,0.0,-0.0016046636331924508,-0.0,0.0,-0.0,1.1214998621880456
2023-09-18,BDX,SRE,-0.6012503639179264,0.0,0.0,0.0014958438587298769,0.0,0.0,0.0,1.1214998621880456
2023-09-19,BDX,SRE,-0.47728261863657623,0.0,0.0,0.005199855269320688,0.0,0.0,0.0,1.1214998621880456
2023-09-20,BDX,SRE,-0.3579596220856794,0.0,0.0,0.005151374918440352,0.0,0.0,0.0,1.1214998621880456
2023-09-21,BDX,SRE,-0.4449521327201656,0.0,0.0,-0.002304007782885597,-0.0,0.0,-0.0,1.1214998621880456
2023-09-22,BDX,SRE,-0.428987165769821,0.0,0.0,0.0011767168765781052,0.0,0.0,0.0,1.1214998621880456
2023-09-25,BDX,SRE,-0.2528312868370227,0.0,0.0,0.006559081025287434,0.0,0.0,0.0,1.1214998621880456
2023-09-26,BDX,SRE,-0.6782551913572823,0.0,0.0,-0.014354040694685447,-0.0,0.0,-0.0,1.1214998621880456
2023-09-27,BDX,SRE,-0.9476910156069821,0.0,0.0,-0.009041626635391875,-0.0,0.0,-0.0,1.1214998621880456
2023-09-28,BDX,SRE,-0.312219225279827,0.0,0.0,0.0221472040172,0.0,0.0,0.0,1.1214998621880456
2023-09-29,BDX,SRE,-0.8466863983356056,0.0,0.0,-0.017280361531226394,-0.0,0.0,-0.0,1.1214998621880456
2023-10-02,BDX,SRE,-0.595972980292056,0.0,0.0,0.009207021062719195,0.0,0.0,0.0,1.1214998621880456
2023-10-03,BDX,SRE,-0.6349469273861634,0.0,0.0,-0.00037292746595798953,-0.0,0.0,-0.0,1.1214998621880456
2023-10-04,BDX,SRE,-0.5838090153860854,0.0,0.0,0.0024974774968994124,0.0,0.0,0.0,1.1214998621880456
2023-10-05,BDX,SRE,-0.4211703718060765,0.0,0.0,0.006172378643897497,0.0,0.0,0.0,1.1214998621880456
2023-10-06,BDX,SRE,-0.41045588419275203,0.0,0.0,0.001350614701881104,0.0,0.0,0.0,1.1214998621880456
2023-10-09,BDX,SRE,-0.21295966390992302,0.0,0.0,0.006851455373033932,0.0,0.0,0.0,1.1214998621880456
2023-10-10,BDX,SRE,-0.07163355664126578,0.0,0.0,0.005150680055024065,0.0,0.0,0.0,1.1214998621880456
2023-10-11,BDX,SRE,-1.051144994794464,0.0,0.0,-0.025515739245258764,-0.0,0.0,-0.0,1.1214998621880456
2023-10-12,BDX,SRE,-1.6156720237780207,0.0,0.0,-0.01285873938093009,-0.0,0.0,-0.0,1.1214998621880456
2023-10-13,BDX,SRE,-1.5512888086433911,0.0,0.0,0.0019254436834448352,0.0,0.0,0.0,1.1214998621880456
2023-10-16,BDX,SRE,-1.6263082029398035,0.0,0.0,-0.001903417876022758,-0.0,0.0,-0.0,1.1214998621880456
2023-10-17,BDX,SRE,-1.5719834023566652,0.0,0.0,-0.00031923003401684576,-0.0,0.0,-0.0,1.1214998621880456
2023-10-18,BDX,SRE,-1.4753980286879755,0.0,0.0,0.0010117928362227873,0.0,0.0,0.0,1.1214998621880456
2023-10-19,BDX,SRE,-1.5548675512658512,0.0,0.0,-0.0037703299047806642,-0.0,0.0,-0.0,1.1214998621880456
2023-10-20,BDX,SRE,-1.1879062339261344,0.0,0.0,0.008714783214588438,0.0,0.0,0.0,1.1214998621880456
2023-10-23,BDX,SRE,-1.4583662349322484,0.0,0.0,-0.008724332185734023,-0.0,0.0,-0.0,1.1214998621880456
2023-10-24,BDX,SRE,-1.202851269123576,0.0,0.0,0.0057344346587342694,0.0,0.0,0.0,1.1214998621880456
2023-10-25,BDX,SRE,-1.7064126266487725,0.0,0.0,-0.015782658990283156,-0.0,0.0,-0.0,1.1214998621880456
2023-10-26,BDX,SRE,-1.8991039725666363,0.0,0.0,-0.008084566850208941,-0.0,0.0,-0.0,1.1214998621880456
2023-10-27,BDX,SRE,-1.993289055057776,0.0,0.0,-0.005677774883606835,-0.0,0.0,-0.0,1.1214998621880456
2023-10-30,BDX,SRE,-1.9270709975876885,0.0,0.0,-0.0010564033065418778,-0.0,0.0,-0.0,1.1214998621880456
2023-10-31,BDX,SRE,-1.7043201566955977,0.0,0.0,0.004429639310566372,0.0,0.0,0.0,1.1214998621880456
2023-11-01,BDX,SRE,-1.6150080990717455,0.0,0.0,0.000937596449790619,0.0,0.0,0.0,1.1214998621880456
2023-11-02,BDX,SRE,-1.4729648249435594,0.0,0.0,0.0029155813298956095,0.0,0.0,0.0,1.1214998621880456
2023-11-03,BDX,SRE,-1.0991071102566472,0.0,0.0,0.010515095454568715,0.0,0.0,0.0,1.1214998621880456
2023-11-06,BDX,SRE,-0.9851581703315465,0.0,0.0,0.002651837642342079,0.0,0.0,0.0,1.1214998621880456
2023-11-07,BDX,SRE,-1.268345529535606,0.0,0.0,-0.00963505973699144,-0.0,0.0,-0.0,1.1214998621880456
2023-11-08,BDX,SRE,-1.1435346418632701,0.0,0.0,0.002866429903580165,0.0,0.0,0.0,1.1214998621880456
2023-11-09,BDX,SRE,-3.7224139815528305,1.0,1.0,-0.09306008186780561,-0.0,0.0005,-0.0005,1.1209391122569516
2023-11-10,BDX,SRE,-3.1620028446409063,1.0,0.0,0.007084219201351341,0.007084219201351341,0.0,0.007084219201351341,1.1288800906395482
2023-11-13,BDX,SRE,-2.7448869626306616,1.0,0.0,0.00648557004015427,0.00648557004015427,0.0,0.00648557004015427,1.1362015215343266
2023-11-14,BDX,SRE,-3.0012525926105718,1.0,0.0,-0.021392162062397052,-0.021392162062397052,0.0,-0.021392162062397052,1.1118957144501223
2023-11-15,BDX,SRE,-2.6788104362195093,1.0,0.0,0.00432303950830311,0.00432303950830311,0.0,0.00432303950830311,1.116702483552803
2023-11-16,BDX,SRE,-2.40912651125864,1.0,0.0,0.004730725189860439,0.004730725189860439,0.0,0.004730725189860439,1.1219852961213261
2023-11-17,BDX,SRE,-2.424744612629768,1.0,0.0,-0.007972057376757456,-0.007972057376757456,0.0,-0.007972057376757456,1.1130407649647687
2023-11-20,BDX,SRE,-2.275162764201322,1.0,0.0,0.001021589747737236,0.001021589747737236,0.0,0.001021589747737236,1.1141778359990704
2023-11-21,BDX,SRE,-2.0057352167844567,1.0,0.0,0.008817336108196912,0.008817336108196912,0.0,0.008817336108196912,1.1240019164633777
2023-11-22,BDX,SRE,-1.8954145413487196,1.0,0.0,0.0016983437235542555,0.0016983437235542555,0.0,0.0016983437235542555,1.1259108580634662
2023-11-24,BDX,SRE,-1.703824353120452,1.0,0.0,0.00658153183255551,0.00658153183255551,0.0,0.00658153183255551,1.1333210762164307
2023-11-27,BDX,SRE,-1.6565502366811033,1.0,0.0,-0.00032521620715871555,-0.00032521620715871555,0.0,-0.00032521620715871555,1.1329525018345306
2023-11-28,BDX,SRE,-1.7166703068733,1.0,0.0,-0.005837110333486783,-0.005837110333486783,0.0,-0.005837110333486783,1.1263393330787226
2023-11-29,BDX,SRE,-1.7375649605749033,1.0,0.0,-0.004432753509915566,-0.004432753509915566,0.0,-0.004432753509915566,1.1213465484466618
2023-11-30,BDX,SRE,-1.620912570959589,1.0,0.0,0.0023996619725078195,0.0023996619725078195,0.0,0.0023996619725078195,1.124037401116972
2023-12-01,BDX,SRE,-1.42113103997721,1.0,0.0,0.007396369225207438,0.007396369225207438,0.0,0.007396369225207438,1.1323511967585758
2023-12-04,BDX,SRE,-1.393862662942401,1.0,0.0,-0.0012856232852718934,-0.0012856232852718934,0.0,-0.0012856232852718934,1.1308954196929173
2023-12-05,BDX,SRE,-1.5560425232731745,1.0,0.0,-0.01156761968250372,-0.01156761968250372,0.0,-0.01156761968250372,1.1178136515772241
2023-12-06,BDX,SRE,-1.6613784354402577,1.0,0.0,-0.009310728464535234,-0.009310728464535234,0.0,-0.009310728464535234,1.1074059921934378
2023-12-07,BDX,SRE,-1.5151487026698398,1.0,0.0,0.0045037705377776495,0.0045037705377776495,0.0,0.0045037705377776495,1.1123934946744372
2023-12-08,BDX,SRE,-1.5033872385470752,1.0,0.0,-0.0026520770926442222,-0.0026520770926442222,0.0,-0.0026520770926442222,1.1094433413692046
2023-12-11,BDX,SRE,-1.4736654641845854,1.0,0.0,-0.0015954299761641345,-0.0015954299761641345,0.0,-0.0015954299761641345,1.1076733022055285
2023-12-12,BDX,SRE,-1.1733596482400495,1.0,0.0,0.01431475460771584,0.01431475460771584,0.0,0.01431475460771584,1.1235293737121188
2023-12-13,BDX,SRE,-1.0374654219405333,1.0,0.0,0.005590487968518526,0.005590487968518526,0.0,0.005590487968518526,1.1298104511581335
2023-12-14,BDX,SRE,-1.1447395428456564,1.0,0.0,-0.008145706054999808,-0.008145706054999808,0.0,-0.008145706054999808,1.1206073473251328
2023-12-15,BDX,SRE,-1.131607244272119,1.0,0.0,-0.0014194238357522204,-0.0014194238357522204,0.0,-0.0014194238357522204,1.1190167305458205
2023-12-18,BDX,SRE,-1.0143400102130682,1.0,0.0,0.004639141174278236,0.004639141174278236,0.0,0.004639141174278236,1.1242080071352019
2023-12-19,BDX,SRE,-0.7826421037939822,1.0,0.0,0.011339615872444666,0.011339615872444666,0.0,0.011339615872444666,1.1369560940968415
2023-12-20,BDX,SRE,-0.6832439072205286,1.0,0.0,0.004061154577575214,0.004061154577575214,0.0,0.004061154577575214,1.141573448542885
2023-12-21,BDX,SRE,-0.4123349075949488,0.0,-1.0,0.013707554705560732,0.013707554705560732,0.0005,0.013207554705560731,1.1566508423149309
2023-12-22,BDX,SRE,-0.4391756158179634,0.0,0.0,-0.0027798886626795166,-0.0,0.0,-0.0,1.1566508423149309
2023-12-26,BDX,SRE,-0.45003908879528787,0.0,0.0,-0.001785752806255445,-0.0,0.0,-0.0,1.1566508423149309
2023-12-27,BDX,SRE,-0.46415243097691294,0.0,0.0,-0.002025858860139013,-0.0,0.0,-0.0,1.1566508423149309
2023-12-28,BDX,SRE,-0.43832993859533304,0.0,0.0,8.658324959173215e-05,0.0,0.0,0.0,1.1566508423149309
2023-12-29,BDX,SRE,-0.3545639026587554,0.0,0.0,0.003049790980198507,0.0,0.0,0.0,1.1566508423149309
2024-01-02,BDX,SRE,-0.2841481957753367,0.0,0.0,0.002237953397130783,0.0,0.0,0.0,1.1566508423149309
2024-01-03,BDX,SRE,-0.6858268655574284,0.0,0.0,-0.021112366402159303,-0.0,0.0,-0.0,1.1566508423149309
2024-01-04,BDX,SRE,-0.4465067670352446,0.0,0.0,0.010289284711759676,0.0,0.0,0.0,1.1566508423149309
2024-01-05,BDX,SRE,-0.5333259137016031,0.0,0.0,-0.005196928704972678,-0.0,0.0,-0.0,1.1566508423149309
2024-01-08,BDX,SRE,-0.03499222000815895,0.0,0.0,0.020995955378650587,0.0,0.0,0.0,1.1566508423149309
2024-01-09,BDX,SRE,-0.8879605970913786,0.0,0.0,-0.03839917534027764,-0.0,0.0,-0.0,1.1566508423149309
2024-01-10,BDX,SRE,-0.7861042327398892,0.0,0.0,0.0032429430184585904,0.0,0.0,0.0,1.1566508423149309
2024-01-11,BDX,SRE,-0.9794765350475487,0.0,0.0,-0.009333730272896922,-0.0,0.0,-0.0,1.1566508423149309
2024-01-12,BDX,SRE,-0.8780074772983117,0.0,0.0,0.0031140145942245233,0.0,0.0,0.0,1.1566508423149309
2024-01-16,BDX,SRE,-0.8939837089847773,0.0,0.0,-0.0016581856313278168,-0.0,0.0,-0.0,1.1566508423149309
2024-01-17,BDX,SRE,-0.8551430458592926,0.0,0.0,0.0005561159600118849,0.0,0.0,0.0,1.1566508423149309
2024-01-18,BDX,SRE,-0.7188718244214467,0.0,0.0,0.004426942881201695,0.0,0.0,0.0,1.1566508423149309
2024-01-19,BDX,SRE,-0.5564449982948021,0.0,0.0,0.005109803013890521,0.0,0.0,0.0,1.1566508423149309
2024-01-22,BDX,SRE,-0.3944076365918003,0.0,0.0,0.004804417087931514,0.0,0.0,0.0,1.1566508423149309
2024-01-23,BDX,SRE,-0.0629810300510043,0.0,0.0,0.010082584048281237,0.0,0.0,0.0,1.1566508423149309
2024-01-24,BDX,SRE,-0.3136881862326305,0.0,0.0,-0.009093881391436767,-0.0,0.0,-0.0,1.1566508423149309
2024-01-25,BDX,SRE,-0.09560804706493635,0.0,0.0,0.00589886534428171,0.0,0.0,0.0,1.1566508423149309
2024-01-26,BDX,SRE,-0.07697033959403521,0.0,0.0,-0.0004100324611531423,-0.0,0.0,-0.0,1.1566508423149309
2024-01-29,BDX,SRE,0.0525286680379209,0.0,0.0,0.0026602989600975338,0.0,0.0,0.0,1.1566508423149309
2024-01-30,BDX,SRE,-0.2241076162013002,0.0,0.0,-0.008724865305482266,-0.0,0.0,-0.0,1.1566508423149309
2024-01-31,BDX,SRE,0.3017493417707366,0.0,0.0,0.012465021575918687,0.0,0.0,0.0,1.1566508423149309
2024-02-01,BDX,SRE,0.8868766942714653,0.0,0.0,0.011483153438111376,0.0,0.0,0.0,1.1566508423149309
2024-02-02,BDX,SRE,0.21138019162080476,0.0,0.0,-0.01738385275461249,-0.0,0.0,-0.0,1.1566508423149309
2024-02-05,BDX,SRE,0.11075372178090681,0.0,0.0,-0.0036071853749514516,-0.0,0.0,-0.0,1.1566508423149309
2024-02-06,BDX,SRE,1.5155104390519707,0.0,0.0,0.016461455724572697,0.0,0.0,0.0,1.1566508423149309
2024-02-07,BDX,SRE,1.6115890963061066,0.0,0.0,0.002125119584579613,0.0,0.0,0.0,1.1566508423149309
2024-02-08,BDX,SRE,1.9665822720157309,0.0,0.0,0.006006662691885768,0.0,0.0,0.0,1.1566508423149309
2024-02-09,BDX,SRE,2.716547903982785,-1.0,-1.0,0.01326756625344186,0.0,0.0005,-0.0005,1.1560725168937735
2024-02-12,BDX,SRE,2.1877141424998494,-1.0,0.0,-0.005838082654519863,0.005838082654519863,0.0,0.005838082654519863,1.1628217638020182
2024-02-13,BDX,SRE,1.3185656811497828,-1.0,0.0,-0.012193680637328497,0.012193680637328497,0.0,0.012193680637328497,1.1770008410279549
2024-02-14,BDX,SRE,1.1199947820062204,-1.0,0.0,-0.002392654279910202,0.002392654279910202,0.0,0.002392654279910202,1.1798169971276984
2024-02-15,BDX,SRE,1.1655952186998009,-1.0,0.0,0.0012676653935232473,-0.0012676653935232473,0.0,-0.0012676653935232473,1.178321383949749
2024-02-16,BDX,SRE,1.343091767051707,-1.0,0.0,0.0033702686747752175,-0.0033702686747752175,0.0,-0.0033702686747752175,1.1743501243006054
2024-02-20,BDX,SRE,1.2246815947516276,-1.0,0.0,-0.0011243753066513874,0.0011243753066513874,0.0,0.0011243753066513874,1.175670534581732
2024-02-21,BDX,SRE,2.0203369318857534,-1.0,0.0,0.01381230693819038,-0.01381230693819038,0.0,-0.01381230693819038,1.1594318122999028
2024-02-22,BDX,SRE,1.6710960221459907,-1.0,0.0,-0.004324274540968991,0.004324274540968991,0.0,0.004324274540968991,1.164445513767821
2024-02-23,BDX,SRE,2.043241849404175,-1.0,0.0,0.007864203085460174,-0.007864203085460174,0.0,-0.007864203085460174,1.1552880777655976
2024-02-26,BDX,SRE,1.1638489643188619,-1.0,0.0,-0.013996942212105037,0.013996942212105037,0.0,0.013996942212105037,1.1714585782284166
2024-02-27,BDX,SRE,0.9756499282333678,-1.0,0.0,-0.0026096529284003406,0.0026096529284003406,0.0,0.0026096529284003406,1.17451567853759
2024-02-28,BDX,SRE,0.5338071664391898,-1.0,0.0,-0.007081692141462946,0.007081692141462946,0.0,0.007081692141462946,1.1828332369883148
2024-02-29,BDX,SRE,-0.3539539209666249,0.0,1.0,-0.014875799841176856,0.014875799841176856,0.0005,0.014375799841176855,1.1998374108487502
2024-03-01,BDX,SRE,-0.23690198331270332,0.0,0.0,0.0020396989268279455,0.0,0.0,0.0,1.1998374108487502
2024-03-04,BDX,SRE,-0.3859145193635243,0.0,0.0,-0.0021984559020722418,-0.0,0.0,-0.0,1.1998374108487502
2024-03-05,BDX,SRE,-0.852505949954504,0.0,0.0,-0.007166257620667731,-0.0,0.0,-0.0,1.1998374108487502
2024-03-06,BDX,SRE,-0.4252111899068755,0.0,0.0,0.00737045585713541,0.0,0.0,0.0,1.1998374108487502
2024-03-07,BDX,SRE,0.3498589572242382,0.0,0.0,0.01274446571202395,0.0,0.0,0.0,1.1998374108487502
2024-03-08,BDX,SRE,0.8166006549960521,0.0,0.0,0.00759653570329231,0.0,0.0,0.0,1.1998374108487502
2024-03-11,BDX,SRE,0.2821445985414394,0.0,0.0,-0.007735285647526995,-0.0,0.0,-0.0,1.1998374108487502
2024-03-12,BDX,SRE,0.23169409414724204,0.0,0.0,-0.000516987445823674,-0.0,0.0,-0.0,1.1998374108487502
2024-03-13,BDX,SRE,0.5235266563330452,0.0,0.0,0.004693653790505683,0.0,0.0,0.0,1.1998374108487502
2024-03-14,BDX,SRE,0.20220012196968223,0.0,0.0,-0.004344930336259771,-0.0,0.0,-0.0,1.1998374108487502
2024-03-15,BDX,SRE,0.10746512781506386,0.0,0.0,-0.0010599824273603276,-0.0,0.0,-0.0,1.1998374108487502
2024-03-18,BDX,SRE,0.22234466877381304,0.0,0.0,0.0017877649696455512,0.0,0.0,0.0,1.1998374108487502
2024-03-19,BDX,SRE,0.8018899641346917,0.0,0.0,0.008509169079164557,0.0,0.0,0.0,1.1998374108487502
2024-03-20,BDX,SRE,0.3212319483970794,0.0,0.0,-0.006975833429810378,-0.0,0.0,-0.0,1.1998374108487502
2024-03-21,BDX,SRE,1.348476711449773,0.0,0.0,0.015009786286752156,0.0,0.0,0.0,1.1998374108487502
2024-03-22,BDX,SRE,2.52794836900762,-1.0,-1.0,0.01961313595905261,0.0,0.0005,-0.0005,1.1992374921433258
2024-03-25,BDX,SRE,1.2958472401114238,-1.0,0.0,-0.018183021374180666,0.018183021374180666,0.0,0.018183021374180666,1.2210432530956867
2024-03-26,BDX,SRE,1.4144797012353751,-1.0,0.0,0.0025216965834331745,-0.0025216965834331745,0.0,-0.0025216965834331745,1.2179641524961313
2024-03-27,BDX,SRE,1.9939088332491333,-1.0,0.0,0.010619454179824968,-0.010619454179824968,0.0,-0.010619454179824968,1.2050300379860293
2024-03-28,BDX,SRE,1.983584686261415,-1.0,0.0,0.0013385381858761797,-0.0013385381858761797,0.0,-0.0013385381858761797,1.2034170592650573
2024-04-01,BDX,SRE,1.2301988613775465,-1.0,0.0,-0.011902967656503182,0.011902967656503182,0.0,0.011902967656503182,1.2177412935987735
2024-04-02,BDX,SRE,0.373982506841569,0.0,1.0,-0.01430250522610348,0.01430250522610348,0.0005,0.01380250522610348,1.2345491741677126
2024-04-03,BDX,SRE,1.1631010799502246,0.0,0.0,0.014028711967054575,0.0,0.0,0.0,1.2345491741677126
2024-04-04,BDX,SRE,1.0520627148847677,0.0,0.0,-0.0016796180750129849,-0.0,0.0,-0.0,1.2345491741677126
2024-04-05,BDX,SRE,1.8021595605520861,0.0,0.0,0.014087786093235652,0.0,0.0,0.0,1.2345491741677126
2024-04-08,BDX,SRE,0.6613693632308111,0.0,0.0,-0.01928392254618604,-0.0,0.0,-0.0,1.2345491741677126
2024-04-09,BDX,SRE,1.3949254089204928,0.0,0.0,0.013018370530797147,0.0,0.0,0.0,1.2345491741677126
2024-04-10,BDX,SRE,0.5573083551318514,0.0,0.0,-0.013578895973712425,-0.0,0.0,-0.0,1.2345491741677126
2024-04-11,BDX,SRE,0.6799215519116306,0.0,0.0,0.00234814806499196,0.0,0.0,0.0,1.2345491741677126
2024-04-12,BDX,SRE,-0.689064231104449,0.0,0.0,-0.020478805769509795,-0.0,0.0,-0.0,1.2345491741677126
2024-04-15,BDX,SRE,-0.69818095470944,0.0,0.0,0.00058057596703983,0.0,0.0,0.0,1.2345491741677126
2024-04-16,BDX,SRE,-1.3148971387584731,0.0,0.0,-0.008492859318791757,-0.0,0.0,-0.0,1.2345491741677126
2024-04-17,BDX,SRE,-1.4278327165936155,0.0,0.0,-0.0015228431765103266,-0.0,0.0,-0.0,1.2345491741677126
2024-04-18,BDX,SRE,-1.27679395079726,0.0,0.0,0.0018816004838019176,0.0,0.0,0.0,1.2345491741677126
2024-04-19,BDX,SRE,-1.4725706373330962,0.0,0.0,-0.00281780629074714,-0.0,0.0,-0.0,1.2345491741677126
2024-04-22,BDX,SRE,-1.801239115518056,0.0,0.0,-0.005402873384869871,-0.0,0.0,-0.0,1.2345491741677126
2024-04-23,BDX,SRE,-1.7287473947991392,0.0,0.0,0.00044099328807301443,0.0,0.0,0.0,1.2345491741677126
2024-04-24,BDX,SRE,-1.949515218481862,0.0,0.0,-0.004396337990122533,-0.0,0.0,-0.0,1.2345491741677126
2024-04-25,BDX,SRE,-2.709679708846318,1.0,1.0,-0.014185172355104168,-0.0,0.0005,-0.0005,1.2339318995806288
2024-04-26,BDX,SRE,-2.1383375001373217,1.0,0.0,0.0073430034155966386,0.0073430034155966386,0.0,0.0073430034155966386,1.2429926657338628
2024-04-29,BDX,SRE,-1.800303850214786,1.0,0.0,0.004194022620133312,0.004194022620133312,0.0,0.004194022620133312,1.2482058050906104
2024-04-30,BDX,SRE,-1.3323999414974452,1.0,0.0,0.007615714579921419,0.007615714579921419,0.0,0.007615714579921419,1.2577117842391814
2024-05-01,BDX,SRE,-1.588699227008156,1.0,0.0,-0.005070174652860725,-0.005070174652860725,0.0,-0.005070174652860725,1.2513349658301276
2024-05-02,BDX,SRE,-0.21075361699367354,0.0,-1.0,0.0242327963446704,0.0242327963446704,0.0005,0.0237327963446704,1.281032643733139
2024-05-03,BDX,SRE,-1.5155365390519546,0.0,0.0,-0.024075274453591117,-0.0,0.0,-0.0,1.281032643733139
2024-05-06,BDX,SRE,-0.9887200249789319,0.0,0.0,0.008912393141617153,0.0,0.0,0.0,1.281032643733139
2024-05-07,BDX,SRE,-1.103134581461959,0.0,0.0,-0.0027298403707781155,-0.0,0.0,-0.0,1.281032643733139
2024-05-08,BDX,SRE,-2.0955339439098193,1.0,1.0,-0.02006011955467505,-0.0,0.0005,-0.0005,1.2803921274112724
2024-05-09,BDX,SRE,-1.8705627733657026,1.0,0.0,0.002406052120489423,0.002406052120489423,0.0,0.002406052120489423,1.2834728176044883
2024-05-10,BDX,SRE,-1.83339835569589,1.0,0.0,-0.0010300212224980537,-0.0010300212224980537,0.0,-0.0010300212224980537,1.2821508133638562
2024-05-13,BDX,SRE,-1.488242337299351,1.0,0.0,0.005645479412927556,0.005645479412927556,0.0,0.005645479412927556,1.28938916938497
2024-05-14,BDX,SRE,-1.7251129248028805,1.0,0.0,-0.006387594505578306,-0.006387594505578306,0.0,-0.006387594505578306,1.2811530742110542
2024-05-15,BDX,SRE,-1.4553042979957238,1.0,0.0,0.004368680245825346,0.004368680245825346,0.0,0.004368680245825346,1.2867500223382384
2024-05-16,BDX,SRE,-1.470479866357555,1.0,0.0,-0.0014663454076876607,-0.0014663454076876607,0.0,-0.0014663454076876607,1.2848632023521407
2024-05-17,BDX,SRE,-1.560958714000639,1.0,0.0,-0.0032419439664045455,-0.0032419439664045455,0.0,-0.0032419439664045455,1.2806977478456198
2024-05-20,BDX,SRE,-1.3386586778206018,1.0,0.0,0.003807768912691553,0.003807768912691553,0.0,0.003807768912691553,1.2855743489164206
2024-05-21,BDX,SRE,-1.76253495762667,1.0,0.0,-0.01078502352908023,-0.01078502352908023,0.0,-0.01078502352908023,1.271709399314975
2024-05-22,BDX,SRE,-1.588849299604873,1.0,0.0,0.002297211695412059,0.002297211695412059,0.0,0.002297211695412059,1.274630785020247
2024-05-23,BDX,SRE,-2.0168612783016413,1.0,0.0,-0.011993463459513902,-0.011993463459513902,0.0,-0.011993463459513902,1.259343547275735
2024-05-24,BDX,SRE,-2.1801237245351044,1.0,0.0,-0.006717808881375234,-0.006717808881375234,0.0,-0.006717808881375234,1.2508835180091435
2024-05-28,BDX,SRE,-2.3127171096406163,1.0,0.0,-0.006867154027411124,-0.006867154027411124,0.0,-0.006867154027411124,1.2422935082206248
2024-05-29,BDX,SRE,-2.263696044595746,1.0,0.0,-0.0024162663601355223,-0.0024162663601355223,0.0,-0.0024162663601355223,1.2392917962072967
2024-05-30,BDX,SRE,-1.9416934003993451,1.0,0.0,0.006022513263093182,0.006022513263093182,0.0,0.006022513263093182,1.2467554474867977
2024-05-31,BDX,SRE,-1.4315453722949438,1.0,0.0,0.012481986023488816,0.012481986023488816,0.0,0.012481986023488816,1.2623174315570365
2024-06-03,BDX,SRE,-0.3181305728354849,0.0,-1.0,0.030411047369429258,0.030411047369429258,0.0005,0.029911047369429258,1.3000746680475952
2024-06-04,BDX,SRE,-0.41651574216281806,0.0,0.0,-0.0032224892780286117,-0.0,0.0,-0.0,1.3000746680475952
2024-06-05,BDX,SRE,-0.6358471290566683,0.0,0.0,-0.0065853396150092735,-0.0,0.0,-0.0,1.3000746680475952
2024-06-06,BDX,SRE,0.030275764112566984,0.0,0.0,0.01813676398522919,0.0,0.0,0.0,1.3000746680475952
2024-06-07,BDX,SRE,0.2019068936661606,0.0,0.0,0.004480951760888681,0.0,0.0,0.0,1.3000746680475952
2024-06-10,BDX,SRE,0.2173121978093628,0.0,0.0,0.00026881660178304945,0.0,0.0,0.0,1.3000746680475952
2024-06-11,BDX,SRE,-0.5534400145849269,0.0,0.0,-0.02156881275456696,-0.0,0.0,-0.0,1.3000746680475952
2024-06-12,BDX,SRE,-0.6767321458648925,0.0,0.0,-0.0039739525570579,-0.0,0.0,-0.0,1.3000746680475952
2024-06-13,BDX,SRE,-1.0277022371820905,0.0,0.0,-0.010570690243058487,-0.0,0.0,-0.0,1.3000746680475952
2024-06-14,BDX,SRE,-0.7046991378978636,0.0,0.0,0.008216344165756602,0.0,0.0,0.0,1.3000746680475952
2024-06-17,BDX,SRE,-0.6711452235796839,0.0,0.0,0.00020914752233802073,0.0,0.0,0.0,1.3000746680475952
2024-06-18,BDX,SRE,-0.5289583252240617,0.0,0.0,0.003180905642228094,0.0,0.0,0.0,1.3000746680475952
2024-06-20,BDX,SRE,0.1917450230752576,0.0,0.0,0.018297890424618032,0.0,0.0,0.0,1.3000746680475952
2024-06-21,BDX,SRE,0.23358542675730296,0.0,0.0,0.0003584458107918412,0.0,0.0,0.0,1.3000746680475952
2024-06-24,BDX,SRE,-0.3162931856603053,0.0,0.0,-0.014616325179527186,-0.0,0.0,-0.0,1.3000746680475952
2024-06-25,BDX,SRE,-0.4869335743296907,0.0,0.0,-0.004770448457646744,-0.0,0.0,-0.0,1.3000746680475952
2024-06-26,BDX,SRE,-0.9871273509727373,0.0,0.0,-0.012269843860978055,-0.0,0.0,-0.0,1.3000746680475952
2024-06-27,BDX,SRE,-1.1552930743560048,0.0,0.0,-0.00468956409261841,-0.0,0.0,-0.0,1.3000746680475952
2024-06-28,BDX,SRE,-0.6264177524896849,0.0,0.0,0.011458429387074233,0.0,0.0,0.0,1.3000746680475952
2024-07-01,BDX,SRE,-1.2788602260457669,0.0,0.0,-0.01493221021678168,-0.0,0.0,-0.0,1.3000746680475952
2024-07-02,BDX,SRE,-1.3263609009930084,0.0,0.0,-0.00091509221838194,-0.0,0.0,-0.0,1.3000746680475952
2024-07-03,BDX,SRE,-1.38441812054784,0.0,0.0,-0.0017463239406732,-0.0,0.0,-0.0,1.3000746680475952
2024-07-05,BDX,SRE,-1.8148369160888342,0.0,0.0,-0.008465770711293369,-0.0,0.0,-0.0,1.3000746680475952
2024-07-08,BDX,SRE,-2.0844034331985237,1.0,1.0,-0.006098941460584073,-0.0,0.0005,-0.0005,1.2994246307135715
2024-07-09,BDX,SRE,-2.976360207573181,1.0,0.0,-0.01977219255852052,-0.01977219255852052,0.0,-0.01977219255852052,1.2737321566998183
2024-07-10,BDX,SRE,-2.378399491963357,1.0,0.0,0.00876024401334942,0.00876024401334942,0.0,0.00876024401334942,1.2848903612001585
2024-07-11,BDX,SRE,-2.2049744597915697,1.0,0.0,0.0011930257366008818,0.0011930257366008818,0.0,0.0011930257366008818,1.2864232684697807
2024-07-12,BDX,SRE,-1.2561649314340244,1.0,0.0,0.01829220789435793,0.01829220789435793,0.0,0.01829220789435793,1.3099547903367694
2024-07-15,BDX,SRE,-1.6502306707833407,1.0,0.0,-0.009352162995322287,-0.009352162995322287,0.0,-0.009352162995322287,1.2977038796210367
2024-07-16,BDX,SRE,-0.7017519010702078,1.0,0.0,0.018877111674557592,0.018877111674557592,0.0,0.018877111674557592,1.3222007806771496
2024-07-17,BDX,SRE,-0.22350634299095637,0.0,-1.0,0.009259042543659616,0.009259042543659616,0.0005,0.008759042543659615,1.3337819935663608
2024-07-18,BDX,SRE,-0.7027978336662002,0.0,0.0,-0.010107800654534756,-0.0,0.0,-0.0,1.3337819935663608
2024-07-19,BDX,SRE,-0.8522639880721045,0.0,0.0,-0.0035666431808422097,-0.0,0.0,-0.0,1.3337819935663608
2024-07-22,BDX,SRE,-0.8278801572807716,0.0,0.0,-7.368740033958073e-05,-0.0,0.0,-0.0,1.3337819935663608
2024-07-23,BDX,SRE,-0.07466681923620919,0.0,0.0,0.014906061201960835,0.0,0.0,0.0,1.3337819935663608
2024-07-24,BDX,SRE,0.3088910793779274,0.0,0.0,0.00754660739923724,0.0,0.0,0.0,1.3337819935663608
2024-07-25,BDX,SRE,-0.4513053400294152,0.0,0.0,-0.015467760097957077,-0.0,0.0,-0.0,1.3337819935663608
2024-07-26,BDX,SRE,0.4451507323276358,0.0,0.0,0.01742714335691482,0.0,0.0,0.0,1.3337819935663608
2024-07-29,BDX,SRE,0.43644173782920004,0.0,0.0,-0.0003754643567510079,-0.0,0.0,-0.0,1.3337819935663608
2024-07-30,BDX,SRE,1.1413072558529354,0.0,0.0,0.01272118890383418,0.0,0.0,0.0,1.3337819935663608
2024-07-31,BDX,SRE,1.0218367894017177,0.0,0.0,-0.002229258487738079,-0.0,0.0,-0.0,1.3337819935663608
2024-08-01,BDX,SRE,-0.3460635514132581,0.0,0.0,-0.026346368556176968,-0.0,0.0,-0.0,1.3337819935663608
2024-08-02,BDX,SRE,0.9373583377516239,0.0,0.0,0.02358852844290921,0.0,0.0,0.0,1.3337819935663608
2024-08-05,BDX,SRE,0.16165147147651507,0.0,0.0,-0.014346050975198752,-0.0,0.0,-0.0,1.3337819935663608
2024-08-06,BDX,SRE,0.4374511912235787,0.0,0.0,0.005090439815262695,0.0,0.0,0.0,1.3337819935663608
2024-08-07,BDX,SRE,-0.2652370729036438,0.0,0.0,-0.013148070445450176,-0.0,0.0,-0.0,1.3337819935663608
2024-08-08,BDX,SRE,0.0925339976440349,0.0,0.0,0.006401642301161067,0.0,0.0,0.0,1.3337819935663608
2024-08-09,BDX,SRE,0.2710582441421105,0.0,0.0,0.003251389744259593,0.0,0.0,0.0,1.3337819935663608
2024-08-12,BDX,SRE,-0.2442593218683519,0.0,0.0,-0.009700657266325227,-0.0,0.0,-0.0,1.3337819935663608
2024-08-13,BDX,SRE,0.35647792359550157,0.0,0.0,0.010935171097835554,0.0,0.0,0.0,1.3337819935663608
2024-08-14,BDX,SRE,-0.1873741273670972,0.0,0.0,-0.010103558284959223,-0.0,0.0,-0.0,1.3337819935663608
2024-08-15,BDX,SRE,-0.383312982053518,0.0,0.0,-0.0038615834417951435,-0.0,0.0,-0.0,1.3337819935663608
2024-08-16,BDX,SRE,0.09088193814502199,0.0,0.0,0.008679810225463332,0.0,0.0,0.0,1.3337819935663608
2024-08-19,BDX,SRE,-0.18050097113712904,0.0,0.0,-0.005041403596183013,-0.0,0.0,-0.0,1.3337819935663608
2024-08-20,BDX,SRE,-0.43098879528466233,0.0,0.0,-0.004529001487525546,-0.0,0.0,-0.0,1.3337819935663608
2024-08-21,BDX,SRE,-0.4593375466518726,0.0,0.0,-0.00033210608987237233,-0.0,0.0,-0.0,1.3337819935663608
2024-08-22,BDX,SRE,-0.44019363381808463,0.0,0.0,0.0007173849843689301,0.0,0.0,0.0,1.3337819935663608
2024-08-23,BDX,SRE,-0.22771514323427625,0.0,0.0,0.004253687370440093,0.0,0.0,0.0,1.3337819935663608
2024-08-26,BDX,SRE,-0.4149935905588499,0.0,0.0,-0.002985775543266095,-0.0,0.0,-0.0,1.3337819935663608
2024-08-27,BDX,SRE,0.08120859667776387,0.0,0.0,0.00878710939904343,0.0,0.0,0.0,1.3337819935663608
2024-08-28,BDX,SRE,0.326193882840836,0.0,0.0,0.0039005127867053346,0.0,0.0,0.0,1.3337819935663608
2024-08-29,BDX,SRE,0.8446072213658538,0.0,0.0,0.008735451151465417,0.0,0.0,0.0,1.3337819935663608
2024-08-30,BDX,SRE,1.0646572790854092,0.0,0.0,0.003945595359516565,0.0,0.0,0.0,1.3337819935663608
2024-09-03,BDX,SRE,0.9487939143826489,0.0,0.0,-0.0025565974640206204,-0.0,0.0,-0.0,1.3337819935663608
2024-09-04,BDX,SRE,-0.6438023585968655,0.0,0.0,-0.02713981827993186,-0.0,0.0,-0.0,1.3337819935663608
2024-09-05,BDX,SRE,-1.366573859201168,0.0,0.0,-0.012064359645575265,-0.0,0.0,-0.0,1.3337819935663608
2024-09-06,BDX,SRE,-1.2558603566916995,0.0,0.0,0.0010380973984758192,0.0,0.0,0.0,1.3337819935663608
2024-09-09,BDX,SRE,0.04948540040480246,0.0,0.0,0.020462250306121435,0.0,0.0,0.0,1.3337819935663608
2024-09-10,BDX,SRE,-0.1618324938852364,0.0,0.0,-0.0034029902911724454,-0.0,0.0,-0.0,1.3337819935663608
2024-09-11,BDX,SRE,-0.5214835708153063,0.0,0.0,-0.00596492888344396,-0.0,0.0,-0.0,1.3337819935663608
2024-09-12,BDX,SRE,-0.09389891237567996,0.0,0.0,0.0065243827261434965,0.0,0.0,0.0,1.3337819935663608
2024-09-13,BDX,SRE,-0.7169679653200445,0.0,0.0,-0.01016092261112751,-0.0,0.0,-0.0,1.3337819935663608
2024-09-16,BDX,SRE,-0.8761010191722227,0.0,0.0,-0.002824533253329603,-0.0,0.0,-0.0,1.3337819935663608
2024-09-17,BDX,SRE,-1.7115106525936044,0.0,0.0,-0.01313577361911162,-0.0,0.0,-0.0,1.3337819935663608
2024-09-18,BDX,SRE,-1.3334055110143936,0.0,0.0,0.004945128096946666,0.0,0.0,0.0,1.3337819935663608
2024-09-19,BDX,SRE,-0.3287614471029893,0.0,0.0,0.014571184676727494,0.0,0.0,0.0,1.3337819935663608
2024-09-20,BDX,SRE,-0.7976131782752546,0.0,0.0,-0.007207958379683875,-0.0,0.0,-0.0,1.3337819935663608
2024-09-23,BDX,SRE,-0.6336949448325256,0.0,0.0,0.0022263795069038155,0.0,0.0,0.0,1.3337819935663608
2024-09-24,BDX,SRE,0.2556709663913435,0.0,0.0,0.013007389209375235,0.0,0.0,0.0,1.3337819935663608
2024-09-25,BDX,SRE,-0.24259492620688647,0.0,0.0,-0.007342220564406304,-0.0,0.0,-0.0,1.3337819935663608
2024-09-26,BDX,SRE,0.4466786449800758,0.0,0.0,0.010338854292138185,0.0,0.0,0.0,1.3337819935663608
2024-09-27,BDX,SRE,1.2856866258393829,0.0,0.0,0.013043776423898201,0.0,0.0,0.0,1.3337819935663608
2024-09-30,BDX,SRE,1.0465767929738352,0.0,0.0,-0.0030394695474189075,-0.0,0.0,-0.0,1.3337819935663608
2024-10-01,BDX,SRE,1.1019079843715387,0.0,0.0,0.0013425898548617052,0.0,0.0,0.0,1.3337819935663608
2024-10-02,BDX,SRE,0.6825824672695917,0.0,0.0,-0.006034694206552277,-0.0,0.0,-0.0,1.3337819935663608
2024-10-03,BDX,SRE,0.13613246009570976,0.0,0.0,-0.007044671203641414,-0.0,0.0,-0.0,1.3337819935663608
2024-10-04,BDX,SRE,0.3652770696542368,0.0,0.0,0.0033671486860982866,0.0,0.0,0.0,1.3337819935663608
2024-10-07,BDX,SRE,0.3999236701392905,0.0,0.0,0.0007144996619973497,0.0,0.0,0.0,1.3337819935663608
2024-10-08,BDX,SRE,0.23941752940543876,0.0,0.0,-0.0015829869749856727,-0.0,0.0,-0.0,1.3337819935663608
2024-10-09,BDX,SRE,0.6202933708856039,0.0,0.0,0.004700237784877567,0.0,0.0,0.0,1.3337819935663608
2024-10-10,BDX,SRE,-0.27723303073300887,0.0,0.0,-0.010584986272728514,-0.0,0.0,-0.0,1.3337819935663608
2024-10-11,BDX,SRE,-0.19442158872588333,0.0,0.0,0.00107891198042652,0.0,0.0,0.0,1.3337819935663608
2024-10-14,BDX,SRE,0.7439604902580064,0.0,0.0,0.011248665573788393,0.0,0.0,0.0,1.3337819935663608
2024-10-15,BDX,SRE,1.083888611102944,0.0,0.0,0.004372820488473704,0.0,0.0,0.0,1.3337819935663608
2024-10-16,BDX,SRE,0.03495067518018454,0.0,0.0,-0.012209864645089477,-0.0,0.0,-0.0,1.3337819935663608
2024-10-17,BDX,SRE,0.13039883610861977,0.0,0.0,0.0009591699726041271,0.0,0.0,0.0,1.3337819935663608
2024-10-18,BDX,SRE,1.1749698088260532,0.0,0.0,0.012516507466591793,0.0,0.0,0.0,1.3337819935663608
2024-10-21,BDX,SRE,0.34831787669296155,0.0,0.0,-0.009792005120342355,-0.0,0.0,-0.0,1.3337819935663608
2024-10-22,BDX,SRE,0.04888155289484859,0.0,0.0,-0.003650350494267321,-0.0,0.0,-0.0,1.3337819935663608
2024-10-23,BDX,SRE,0.09569011271034518,0.0,0.0,0.00010236944832216644,0.0,0.0,0.0,1.3337819935663608
2024-10-24,BDX,SRE,-0.5394146611554054,0.0,0.0,-0.007279435717726898,-0.0,0.0,-0.0,1.3337819935663608
2024-10-25,BDX,SRE,-0.28194926708168017,0.0,0.0,0.002753308825371492,0.0,0.0,0.0,1.3337819935663608
2024-10-28,BDX,SRE,-0.2034264958474786,0.0,0.0,0.0005275446609839568,0.0,0.0,0.0,1.3337819935663608
2024-10-29,BDX,SRE,-0.21220418109923067,0.0,0.0,-0.0002250428194901042,-0.0,0.0,-0.0,1.3337819935663608
2024-10-30,BDX,SRE,-0.5571607084564052,0.0,0.0,-0.003796559212243089,-0.0,0.0,-0.0,1.3337819935663608
2024-10-31,BDX,SRE,-1.6830146461050801,0.0,0.0,-0.012210940697764173,-0.0,0.0,-0.0,1.3337819935663608
2024-11-01,BDX,SRE,-0.4105186129351592,0.0,0.0,0.013174415554780796,0.0,0.0,0.0,1.3337819935663608
2024-11-04,BDX,SRE,-0.470030366805148,0.0,0.0,-0.0008319502475465134,-0.0,0.0,-0.0,1.3337819935663608
2024-11-05,BDX,SRE,0.23351944028884836,0.0,0.0,0.00739614279766879,0.0,0.0,0.0,1.3337819935663608
2024-11-06,BDX,SRE,-0.6237252857703969,0.0,0.0,-0.009193566662994195,-0.0,0.0,-0.0,1.3337819935663608
2024-11-07,BDX,SRE,-4.869454710364041,1.0,1.0,-0.060414555863368614,-0.0,0.0005,-0.0005,1.3331151025695778
2024-11-08,BDX,SRE,-3.333757214305377,1.0,0.0,0.014904445906341145,0.014904445906341145,0.0,0.014904445906341145,1.3529844445027526
2024-11-11,BDX,SRE,-2.4809226412421017,1.0,0.0,0.00994713221930811,0.00994713221930811,0.0,0.00994713221930811,1.3664427596628885
2024-11-12,BDX,SRE,-3.0609058606779693,1.0,0.0,-0.014594176863041196,-0.014594176863041196,0.0,-0.014594176863041196,1.3465006523551462
2024-11-13,BDX,SRE,-2.8085082075781944,1.0,0.0,-0.0001842963253002167,-0.0001842963253002167,0.0,-0.0001842963253002167,1.3462524972329026
2024-11-14,BDX,SRE,-3.1026888716001255,1.0,0.0,-0.01203021478635748,-0.01203021478635748,0.0,-0.01203021478635748,1.3300567905345206
2024-11-15,BDX,SRE,-3.3663465481740746,1.0,0.0,-0.01457272295323651,-0.01457272295323651,0.0,-0.01457272295323651,1.31067424141399
2024-11-18,BDX,SRE,-3.2626579949207843,1.0,0.0,-0.006995782984022167,-0.006995782984022167,0.0,-0.006995782984022167,1.30150504885831
2024-11-19,BDX,SRE,-3.1942884577001447,1.0,0.0,-0.007989797866549369,-0.007989797866549369,0.0,-0.007989797866549369,1.2911062865956386
2024-11-20,BDX,SRE,-2.9118166288045906,1.0,0.0,-0.0003030311571097763,-0.0003030311571097763,0.0,-0.0003030311571097763,1.2907150411636599
2024-11-21,BDX,SRE,-2.43927701939355,1.0,0.0,0.008744929136776304,0.008744929136776304,0.0,0.008744929136776304,1.3020022527344073
2024-11-22,BDX,SRE,-2.431477880241135,1.0,0.0,-0.005143920961756463,-0.005143920961756463,0.0,-0.005143920961756463,1.2953048560543128
2024-11-25,BDX,SRE,-2.155046837734821,1.0,0.0,0.005028458717049449,0.005028458717049449,0.0,0.005028458717049449,1.3018182430489755
2024-11-26,BDX,SRE,-2.0669085093641386,1.0,0.0,-0.0008373835181726269,-0.0008373835181726269,0.0,-0.0008373835181726269,1.3007281219085898
2024-11-27,BDX,SRE,-2.2930416546248997,1.0,0.0,-0.013281005286408992,-0.013281005286408992,0.0,-0.013281005286408992,1.283453144845341
2024-11-29,BDX,SRE,-2.124637362539426,1.0,0.0,0.0015500721539488274,0.0015500721539488274,0.0,0.0015500721539488274,1.2854425898260637
2024-12-02,BDX,SRE,-1.7992545852212753,1.0,0.0,0.009112496748707623,0.009112496748707623,0.0,0.009112496748707623,1.2971561812465042
2024-12-03,BDX,SRE,-1.8755626816533326,1.0,0.0,-0.006737965413109047,-0.006737965413109047,0.0,-0.006737965413109047,1.2884159877618648
2024-12-04,BDX,SRE,-1.7341708417071955,1.0,0.0,0.0024038809251589505,0.0024038809251589505,0.0,0.0024038809251589505,1.2915131863785154
2024-12-05,BDX,SRE,-1.5825190972841876,1.0,0.0,0.003456868801858903,0.003456868801858903,0.0,0.003456868801858903,1.2959777780196966
2024-12-06,BDX,SRE,-1.6446528960344342,1.0,0.0,-0.0056699814836136935,-0.0056699814836136935,0.0,-0.0056699814836136935,1.2886296080151503
2024-12-09,BDX,SRE,-1.1183860368526113,1.0,0.0,0.020942349446455216,0.020942349446455216,0.0,0.020942349446455216,1.315616539573252
2024-12-10,BDX,SRE,-1.222221667978204,1.0,0.0,-0.00630155471389214,-0.00630155471389214,0.0,-0.00630155471389214,1.3073261099666296
2024-12-11,BDX,SRE,-1.1418320094607532,1.0,0.0,0.0020058005203764206,0.0020058005203764206,0.0,0.0020058005203764206,1.3099483453583023
2024-12-12,BDX,SRE,-0.5477369392260963,1.0,0.0,0.025609219503397028,0.025609219503397028,0.0,0.025609219503397028,1.3434951000726947
2024-12-13,BDX,SRE,-0.775737093142983,1.0,0.0,-0.011201184237988684,-0.011201184237988684,0.0,-0.011201184237988684,1.3284463639339454
2024-12-16,BDX,SRE,-0.5205223166619022,1.0,0.0,0.010582523330875324,0.010582523330875324,0.0,0.010582523330875324,1.342504678574093
2024-12-17,BDX,SRE,-0.5665913439726353,1.0,0.0,-0.0028743095965786053,-0.0028743095965786053,0.0,-0.0028743095965786053,1.338645904493016
2024-12-18,BDX,SRE,-0.5561003931222078,1.0,0.0,-0.000494681362876474,-0.000494681362876474,0.0,-0.000494681362876474,1.3379837013125724
2024-12-19,BDX,SRE,-0.6235041419634653,1.0,0.0,-0.003949535013762787,-0.003949535013762787,0.0,-0.003949535013762787,1.3326992878363944
2024-12-20,BDX,SRE,-0.28932382249238153,0.0,-1.0,0.013952737105768633,0.013952737105768633,0.0005,0.013452737105768633,1.3506277409967025
2024-12-23,BDX,SRE,-0.4081030455005937,0.0,0.0,-0.006239859478261148,-0.0,0.0,-0.0,1.3506277409967025
2024-12-24,BDX,SRE,-0.4045720681553932,0.0,0.0,-0.0008449485091246924,-0.0,0.0,-0.0,1.3506277409967025
2024-12-26,BDX,SRE,-0.23437128244997807,0.0,0.0,0.0063155784314881756,0.0,0.0,0.0,1.3506277409967025
2024-12-27,BDX,SRE,-0.18721074033068777,0.0,0.0,0.0010836481167659328,0.0,0.0,0.0,1.3506277409967025
2024-12-30,BDX,SRE,-0.34100126172881357,0.0,0.0,-0.007291714433030703,-0.0,0.0,-0.0,1.3506277409967025
